,seed,name_data,objective,prior_type,model,sigma_prior,pmin,learning_rate,momentum,learning_rate_prior,momentum_prior,delta,layers,delta_test,mc_samples,kl_penalty,train_epochs,verbose,device,prior_epochs,dropout_prob,perc_train,verbose_test,perc_prior,batch_size,Objective,Dataset,Sigma,LR,LR_prior,dropout,Obj_train,Risk_CE,Risk_01,KL,Train xe loss,Train 01 loss,Empirical xe risk,Empirical 01 risk,Stch loss,Stch 01 error,Post mean loss,Post mean 01 error,Ens loss,Ens 01 error,01 error prior net
0,0,mnist,fgrad,rand,fcn,0.03,1e-05,0.005,0.95,0.005,0.99,0.025,,0.01,5000,1,100,False,cuda,70,0.2,1.0,False,1e-10,250,fgrad,mnist,0.03,0.005,0.005,0.0,0.168105810880661,0.1792492798305242,0.3760995965388594,0.0520754435221354,"tensor(0.0570, device='cuda:0')",0.2062757700000002,0.0682769825027777,0.2253101456533295,0.0565501786768436,0.1966,0.0269372519105672,0.1045,0.001301237847656,0.1076,0.8884
1,0,mnist,fquad,rand,fcn,0.03,1e-05,0.005,0.95,0.005,0.99,0.025,,0.01,5000,1,100,False,cuda,70,0.2,1.0,False,1e-10,250,fquad,mnist,0.03,0.005,0.005,0.0,0.2119969576597213,0.1863006931512406,0.4503957717733328,0.032215254720052,"tensor(0.0816, device='cuda:0')",0.3040820533333326,0.0948265302005621,0.3255241967904362,0.0818373560905456,0.2991,0.0424944907426834,0.142,0.0019555448088794,0.1531,0.8884
2,0,mnist,f_rts,rand,fcn,0.03,1e-05,0.005,0.95,0.005,0.99,0.025,,0.01,5000,1,100,False,cuda,70,0.2,1.0,False,1e-10,250,f_rts,mnist,0.03,0.005,0.005,0.0,0.1526116877794265,0.180738639913358,0.353899889580605,0.0647056518554687,"tensor(0.0481, device='cuda:0')",0.1722330000000002,0.0585482235259421,0.1900723160474208,0.0475794300436973,0.1612,0.0225365962833166,0.0931999999999999,0.0010724092135205,0.0929999999999999,0.8884
3,0,mnist,fgrad_acc,rand,fcn,0.03,1e-05,0.005,0.95,0.005,0.99,0.025,,0.01,5000,1,100,False,cuda,70,0.2,1.0,False,1e-10,250,fgrad_acc,mnist,0.03,0.005,0.005,0.0,0.3227862119674682,0.2135647393193087,0.3427458867204865,0.1255747395833333,"tensor(0.0307, device='cuda:0')",0.1089844666666666,0.0393032176131892,0.1238795351042878,0.0306127592921257,0.1071999999999999,0.0137833338230848,0.0636999999999999,0.0006971855764277,0.0665999999999999,0.8884
4,0,mnist,fquad_acc,rand,fcn,0.03,1e-05,0.005,0.95,0.005,0.99,0.025,,0.01,5000,1,100,False,cuda,70,0.2,1.0,False,1e-10,250,fquad_acc,mnist,0.03,0.005,0.005,0.0,0.4615198373794555,0.1920391899712962,0.3499228875275705,0.0826535400390625,"tensor(0.0426, device='cuda:0')",0.1502344133333335,0.0525198627540429,0.1671733860834408,0.0424141101539135,0.1429,0.0192734040319919,0.0862,0.0009401235147379,0.0880999999999999,0.8884
5,0,mnist,f_rts_acc,rand,fcn,0.03,1e-05,0.005,0.95,0.005,0.99,0.025,,0.01,5000,1,100,False,cuda,70,0.2,1.0,False,1e-10,250,f_rts_acc,mnist,0.03,0.005,0.005,0.0,0.336813747882843,0.2292045678322323,0.3480023396877438,0.151026611328125,"tensor(0.0268, device='cuda:0')",0.0952704066666666,0.0349332758686738,0.1093559003357323,0.0270811785012483,0.0963,0.0119878584519028,0.0555999999999999,0.0006218798225745,0.058,0.8884
6,1,mnist,fgrad,rand,fcn,0.03,1e-05,0.005,0.95,0.005,0.99,0.025,,0.01,5000,1,100,False,cuda,70,0.2,1.0,False,1e-10,250,fgrad,mnist,0.03,0.005,0.005,0.0,0.1684650629758834,0.1796228954664491,0.374877554477602,0.0518178304036458,"tensor(0.0574, device='cuda:0')",0.20557429,0.0687737018235395,0.2245860914948183,0.0571191310882568,0.1972,0.0327482968568801,0.1163999999999999,0.0014269970124587,0.1109,0.864
7,1,mnist,fquad,rand,fcn,0.03,1e-05,0.005,0.95,0.005,0.99,0.025,,0.01,5000,1,100,False,cuda,70,0.2,1.0,False,1e-10,250,fquad,mnist,0.03,0.005,0.005,0.0,0.210618570446968,0.1856026495345087,0.4436820992349384,0.031345479329427,"tensor(0.0822, device='cuda:0')",0.2994336100000004,0.0954089017132494,0.3207891474972954,0.0822125375270843,0.2913,0.0497115179896354,0.1525999999999999,0.0020766677334904,0.1413999999999999,0.864
8,1,mnist,f_rts,rand,fcn,0.03,1e-05,0.005,0.95,0.005,0.99,0.025,,0.01,5000,1,100,False,cuda,70,0.2,1.0,False,1e-10,250,f_rts,mnist,0.03,0.005,0.005,0.0,0.1535702049732208,0.181691664604486,0.3554403877640333,0.064653369140625,"tensor(0.0487, device='cuda:0')",0.1735491500000001,0.0592103595128017,0.1914389180197051,0.0483250841498374,0.167,0.0279171373695135,0.1037,0.0012002905132248,0.0988,0.864
9,1,mnist,fgrad_acc,rand,fcn,0.03,1e-05,0.005,0.95,0.005,0.99,0.025,,0.01,5000,1,100,False,cuda,70,0.2,1.0,False,1e-10,250,fgrad_acc,mnist,0.03,0.005,0.005,0.0,0.3217985928058624,0.214668897945141,0.3411956729848363,0.1278257486979166,"tensor(0.0302, device='cuda:0')",0.1062766133333334,0.0387258500525491,0.1210175057156409,0.0300677400082349,0.1046,0.0154204396530985,0.0646999999999999,0.0007095609325915,0.0665,0.864
10,1,mnist,fquad_acc,rand,fcn,0.03,1e-05,0.005,0.95,0.005,0.99,0.025,,0.01,5000,1,100,False,cuda,70,0.2,1.0,False,1e-10,250,fquad_acc,mnist,0.03,0.005,0.005,0.0,0.4762272536754608,0.1958343284581659,0.3591865360561856,0.083819140625,"tensor(0.0440, device='cuda:0')",0.1563647966666672,0.0540675017478341,0.1735645355265325,0.0437855906784534,0.153,0.025550041347742,0.0955,0.0010526339756324,0.0948,0.864
11,1,mnist,f_rts_acc,rand,fcn,0.03,1e-05,0.005,0.95,0.005,0.99,0.025,,0.01,5000,1,100,False,cuda,70,0.2,1.0,False,1e-10,250,f_rts_acc,mnist,0.03,0.005,0.005,0.0,0.3335707783699035,0.2301554992908014,0.3451592797963026,0.154401953125,"tensor(0.0259, device='cuda:0')",0.09123064,0.0338396877199635,0.1050618264992562,0.0258589200675487,0.0883,0.0121400132775306,0.054,0.000603710883297,0.0573,0.864
12,2,mnist,fgrad,rand,fcn,0.03,1e-05,0.005,0.95,0.005,0.99,0.025,,0.01,5000,1,100,False,cuda,70,0.2,1.0,False,1e-10,250,fgrad,mnist,0.03,0.005,0.005,0.0,0.169513538479805,0.1808933769002702,0.3775142052643534,0.0528794921875,"tensor(0.0573, device='cuda:0')",0.2064197366666665,0.0686793737697937,0.2254597416471583,0.0572776086628437,0.2007,0.0307033993303775,0.1096,0.0014209967339411,0.1117,0.9302
13,2,mnist,fquad,rand,fcn,0.03,1e-05,0.005,0.95,0.005,0.99,0.025,,0.01,5000,1,100,False,cuda,70,0.2,1.0,False,1e-10,250,fquad,mnist,0.03,0.005,0.005,0.0,0.2137511074542999,0.1873783379499706,0.4455016175634899,0.0330359151204427,"tensor(0.0814, device='cuda:0')",0.298003763333334,0.0946152951467172,0.3193332617168694,0.0819969847798347,0.2936999999999999,0.0461997650563716,0.1497,0.0020241038873791,0.1584999999999999,0.9302
14,2,mnist,f_rts,rand,fcn,0.03,1e-05,0.005,0.95,0.005,0.99,0.025,,0.01,5000,1,100,False,cuda,70,0.2,1.0,False,1e-10,250,f_rts,mnist,0.03,0.005,0.005,0.0,0.1539386957883834,0.1821948695030337,0.3558020571584486,0.065229150390625,"tensor(0.0485, device='cuda:0')",0.1731887233333327,0.0590832426257083,0.1910642150857344,0.048341080546379,0.1674999999999999,0.0260228030383586,0.0968,0.0012061556335538,0.0978,0.9302
15,2,mnist,fgrad_acc,rand,fcn,0.03,1e-05,0.005,0.95,0.005,0.99,0.025,,0.01,5000,1,100,False,cuda,70,0.2,1.0,False,1e-10,250,fgrad_acc,mnist,0.03,0.005,0.005,0.0,0.3210992813110351,0.2135097293337848,0.3411125111893421,0.12636982421875,"tensor(0.0303, device='cuda:0')",0.1072615233333332,0.0388553110540573,0.1220593896407875,0.0300067458301782,0.1027,0.0177064836025238,0.0665999999999999,0.0007388133672066,0.0692,0.9302
16,2,mnist,fquad_acc,rand,fcn,0.03,1e-05,0.005,0.95,0.005,0.99,0.025,,0.01,5000,1,100,False,cuda,70,0.2,1.0,False,1e-10,250,fquad_acc,mnist,0.03,0.005,0.005,0.0,0.4705122411251068,0.1946007241851072,0.35705536797838,0.083176416015625,"tensor(0.0437, device='cuda:0')",0.1553121899999998,0.0537458671567542,0.1724689444701099,0.0429149270057678,0.1516999999999999,0.0233769658952951,0.0900999999999999,0.0010638836538419,0.0936,0.9302
17,2,mnist,f_rts_acc,rand,fcn,0.03,1e-05,0.005,0.95,0.005,0.99,0.025,,0.01,5000,1,100,False,cuda,70,0.2,1.0,False,1e-10,250,f_rts_acc,mnist,0.03,0.005,0.005,0.0,0.3306276202201843,0.2293680415921598,0.3438586221360794,0.1536653971354166,"tensor(0.0258, device='cuda:0')",0.0908224499999997,0.0337765762641385,0.1046286348898482,0.0255957916378974,0.0898999999999999,0.0161271076649427,0.0544,0.0006153872236609,0.0578999999999999,0.9302
18,3,mnist,fgrad,rand,fcn,0.03,1e-05,0.005,0.95,0.005,0.99,0.025,,0.01,5000,1,100,False,cuda,70,0.2,1.0,False,1e-10,250,fgrad,mnist,0.03,0.005,0.005,0.0,0.1692241728305816,0.1805044884792289,0.3758008924739043,0.0521866739908854,"tensor(0.0577, device='cuda:0')",0.2058723466666667,0.0690447746498505,0.2248951913569084,0.0577122382819652,0.2013,0.0274552777409553,0.1045,0.0015043128514662,0.1064,0.9003
19,3,mnist,fquad,rand,fcn,0.03,1e-05,0.005,0.95,0.005,0.99,0.025,,0.01,5000,1,100,False,cuda,70,0.2,1.0,False,1e-10,250,fquad,mnist,0.03,0.005,0.005,0.0,0.2133505046367645,0.187425508120095,0.4462010411331966,0.0324257120768229,"tensor(0.0822, device='cuda:0')",0.2997725633333324,0.0954252328869463,0.3211391376783366,0.0829265415668487,0.2997999999999999,0.042123831808567,0.1344999999999999,0.0021216897293925,0.1462999999999999,0.9003
20,3,mnist,f_rts,rand,fcn,0.03,1e-05,0.005,0.95,0.005,0.99,0.025,,0.01,5000,1,100,False,cuda,70,0.2,1.0,False,1e-10,250,f_rts,mnist,0.03,0.005,0.005,0.0,0.1536890119314193,0.1817977633416581,0.3547424049128937,0.0645977823893229,"tensor(0.0488, device='cuda:0')",0.1730426099999998,0.059324087726598,0.1909117969166889,0.048625785857439,0.1663,0.0226298663765192,0.0940999999999999,0.0012795608490705,0.0955,0.9003
21,3,mnist,fgrad_acc,rand,fcn,0.03,1e-05,0.005,0.95,0.005,0.99,0.025,,0.01,5000,1,100,False,cuda,70,0.2,1.0,False,1e-10,250,fgrad_acc,mnist,0.03,0.005,0.005,0.0,0.3172831535339355,0.2128072850359502,0.337169663317995,0.12618271484375,"tensor(0.0300, device='cuda:0')",0.1046390966666667,0.0385705736592558,0.1192857465739328,0.0301467031240463,0.1032999999999999,0.012579383328557,0.0654,0.0008251107647083,0.0642,0.9003
22,3,mnist,fquad_acc,rand,fcn,0.03,1e-05,0.005,0.95,0.005,0.99,0.025,,0.01,5000,1,100,False,cuda,70,0.2,1.0,False,1e-10,250,fquad_acc,mnist,0.03,0.005,0.005,0.0,0.4600420892238617,0.1917041808331216,0.3488373413814261,0.0828255452473958,"tensor(0.0423, device='cuda:0')",0.1492226100000004,0.0521948428897867,0.1661168425711234,0.0423599258065223,0.1453999999999999,0.0199945624917745,0.0887999999999999,0.0011349228443577,0.0908999999999999,0.9003
23,3,mnist,f_rts_acc,rand,fcn,0.03,1e-05,0.005,0.95,0.005,0.99,0.025,,0.01,5000,1,100,False,cuda,70,0.2,1.0,False,1e-10,250,f_rts_acc,mnist,0.03,0.005,0.005,0.0,0.3267458081245422,0.2282771135084469,0.3406343354444587,0.153021923828125,"tensor(0.0256, device='cuda:0')",0.0890923966666666,0.0335135650332196,0.1027858595627915,0.0257120709866285,0.0891999999999999,0.0103540821000933,0.0547999999999999,0.000707535771653,0.0563,0.9003
24,4,mnist,fgrad,rand,fcn,0.03,1e-05,0.005,0.95,0.005,0.99,0.025,,0.01,5000,1,100,False,cuda,70,0.2,1.0,False,1e-10,250,fgrad,mnist,0.03,0.005,0.005,0.0,0.1713407486677169,0.182930564678729,0.3862422306986086,0.0528124308268229,"tensor(0.0587, device='cuda:0')",0.2139950033333339,0.0701487092397836,0.2332700320214931,0.0576681531965732,0.2060999999999999,0.031305082142353,0.1102999999999999,0.0012803935678675,0.1148,0.8847
25,4,mnist,fquad,rand,fcn,0.03,1e-05,0.005,0.95,0.005,0.99,0.025,,0.01,5000,1,100,False,cuda,70,0.2,1.0,False,1e-10,250,fquad,mnist,0.03,0.005,0.005,0.0,0.2147584855556488,0.188934340495063,0.4579962898429749,0.0321492329915364,"tensor(0.0836, device='cuda:0')",0.3113385300000006,0.0969476653750849,0.3329091145998728,0.0830822139978408,0.3036,0.0487279333174228,0.149,0.0019546274561434,0.1505999999999999,0.8847
26,4,mnist,f_rts,rand,fcn,0.03,1e-05,0.005,0.95,0.005,0.99,0.025,,0.01,5000,1,100,False,cuda,70,0.2,1.0,False,1e-10,250,f_rts,mnist,0.03,0.005,0.005,0.0,0.1557458043098449,0.1841158552032124,0.3620901865420592,0.0657029825846354,"tensor(0.0494, device='cuda:0')",0.1777913233333327,0.0599649122607789,0.195840181324753,0.0483867861330509,0.1726999999999999,0.025285143405199,0.0977,0.0010434706928208,0.1002999999999999,0.8847
27,4,mnist,fgrad_acc,rand,fcn,0.03,1e-05,0.005,0.95,0.005,0.99,0.025,,0.01,5000,1,100,False,cuda,70,0.2,1.0,False,1e-10,250,fgrad_acc,mnist,0.03,0.005,0.005,0.0,0.3283373117446899,0.2165577424228251,0.3499974952392378,0.1270564778645833,"tensor(0.0315, device='cuda:0')",0.1130423366666665,0.0401639158778354,0.1281639321882332,0.0309254676103591,0.1090999999999999,0.0145284468308091,0.0628999999999999,0.0006272867321968,0.0692,0.8847
28,4,mnist,fquad_acc,rand,fcn,0.03,1e-05,0.005,0.95,0.005,0.99,0.025,,0.01,5000,1,100,False,cuda,70,0.2,1.0,False,1e-10,250,fquad_acc,mnist,0.03,0.005,0.005,0.0,0.4977852702140808,0.1990882495047751,0.3768633618783061,0.0829433837890625,"tensor(0.0464, device='cuda:0')",0.1713446699999999,0.0567141336484434,0.1891493923879308,0.0457121804356575,0.1633,0.0236741136759519,0.0918999999999999,0.000922062958125,0.1087,0.8847
29,4,mnist,f_rts_acc,rand,fcn,0.03,1e-05,0.005,0.95,0.005,0.99,0.025,,0.01,5000,1,100,False,cuda,70,0.2,1.0,False,1e-10,250,f_rts_acc,mnist,0.03,0.005,0.005,0.0,0.3412900269031524,0.2310709940106552,0.3512698013547602,0.1527414713541666,"tensor(0.0270, device='cuda:0')",0.0963739866666668,0.0350948875869894,0.1105284754851764,0.0265797991305589,0.0946,0.0118695488199591,0.0545999999999999,0.0005257647135294,0.058,0.8847
30,5,mnist,fgrad,rand,fcn,0.03,1e-05,0.005,0.95,0.005,0.99,0.025,,0.01,5000,1,100,False,cuda,70,0.2,1.0,False,1e-10,250,fgrad,mnist,0.03,0.005,0.005,0.0,0.1714448630809784,0.1830269028711532,0.3885987446541805,0.0526130126953125,"tensor(0.0589, device='cuda:0')",0.2162910833333335,0.0703995921124196,0.2356383590808661,0.0591717027127742,0.2137,0.0402272790670394,0.1115,0.0016979634528979,0.1142999999999999,0.9354
31,5,mnist,fquad,rand,fcn,0.03,1e-05,0.005,0.95,0.005,0.99,0.025,,0.01,5000,1,100,False,cuda,70,0.2,1.0,False,1e-10,250,fquad,mnist,0.03,0.005,0.005,0.0,0.2152013033628463,0.1890233024733779,0.4588752211276622,0.0326198201497395,"tensor(0.0831, device='cuda:0')",0.311284733333333,0.0964134735354697,0.3328570029781806,0.0838241800665855,0.3055,0.0522343404591083,0.1412,0.0022426003124564,0.157,0.9354
32,5,mnist,f_rts,rand,fcn,0.03,1e-05,0.005,0.95,0.005,0.99,0.025,,0.01,5000,1,100,False,cuda,70,0.2,1.0,False,1e-10,250,f_rts,mnist,0.03,0.005,0.005,0.0,0.1563060283660888,0.184522770977942,0.3661294162954142,0.0650216267903645,"tensor(0.0501, device='cuda:0')",0.1818912499999999,0.0607722486976117,0.2000935330344838,0.0501605384051799,0.1781,0.0368315912783145,0.0978,0.0015070087974891,0.1008999999999999,0.9354
33,5,mnist,fgrad_acc,rand,fcn,0.03,1e-05,0.005,0.95,0.005,0.99,0.025,,0.01,5000,1,100,False,cuda,70,0.2,1.0,False,1e-10,250,fgrad_acc,mnist,0.03,0.005,0.005,0.0,0.3290853500366211,0.216537977951073,0.3505882965991987,0.125733984375,"tensor(0.0321, device='cuda:0')",0.11443577,0.0408569232811496,0.1296332648091989,0.0320766009390354,0.1099,0.0271090921014547,0.0683,0.001127163413912,0.0725,0.9354
34,5,mnist,fquad_acc,rand,fcn,0.03,1e-05,0.005,0.95,0.005,0.99,0.025,,0.01,5000,1,100,False,cuda,70,0.2,1.0,False,1e-10,250,fquad_acc,mnist,0.03,0.005,0.005,0.0,0.4781215786933899,0.1967537760192537,0.3612739421038114,0.0840825276692708,"tensor(0.0443, device='cuda:0')",0.1577565266666666,0.0544574577378159,0.1750146398276501,0.0442577078938484,0.1518,0.0363174155354499,0.0970999999999999,0.0014023514231666,0.0973,0.9354
35,5,mnist,f_rts_acc,rand,fcn,0.03,1e-05,0.005,0.95,0.005,0.99,0.025,,0.01,5000,1,100,False,cuda,70,0.2,1.0,False,1e-10,250,f_rts_acc,mnist,0.03,0.005,0.005,0.0,0.3418499827384949,0.232128667810889,0.3528126500366584,0.1533569661458333,"tensor(0.0272, device='cuda:0')",0.0970271966666666,0.0353554407545151,0.1112213997723023,0.0273909121751785,0.0950999999999999,0.0239430051296949,0.059,0.0009990355465561,0.0626999999999999,0.9354
36,6,mnist,fgrad,rand,fcn,0.03,1e-05,0.005,0.95,0.005,0.99,0.025,,0.01,5000,1,100,False,cuda,70,0.2,1.0,False,1e-10,250,fgrad,mnist,0.03,0.005,0.005,0.0,0.1687681078910827,0.1800172598190932,0.3734208001225504,0.052390234375,"tensor(0.0572, device='cuda:0')",0.2035743299999994,0.0685195341641373,0.2225215829996155,0.0570129677653312,0.1987,0.0339690223336219,0.1079999999999999,0.0013960889773443,0.1066,0.9137
37,6,mnist,fquad,rand,fcn,0.03,1e-05,0.005,0.95,0.005,0.99,0.025,,0.01,5000,1,100,False,cuda,70,0.2,1.0,False,1e-10,250,fquad,mnist,0.03,0.005,0.005,0.0,0.2117501497268676,0.1861355119080046,0.4409313588518577,0.0321183390299479,"tensor(0.0816, device='cuda:0')",0.2954274066666664,0.0948233137374343,0.3167115496026663,0.0822158679366111,0.2951,0.0476707033812999,0.1414999999999999,0.0020350869745016,0.1462,0.9137
38,6,mnist,f_rts,rand,fcn,0.03,1e-05,0.005,0.95,0.005,0.99,0.025,,0.01,5000,1,100,False,cuda,70,0.2,1.0,False,1e-10,250,f_rts,mnist,0.03,0.005,0.005,0.0,0.1533263772726059,0.1815175384452685,0.3530258479346388,0.0649610595703125,"tensor(0.0483, device='cuda:0')",0.17123008,0.0588533236903339,0.1890309414883307,0.0479533001780509,0.1661,0.0299109909683465,0.0961999999999999,0.0011592379305511,0.0946,0.9137
39,6,mnist,fgrad_acc,rand,fcn,0.03,1e-05,0.005,0.95,0.005,0.99,0.025,,0.01,5000,1,100,False,cuda,70,0.2,1.0,False,1e-10,250,fgrad_acc,mnist,0.03,0.005,0.005,0.0,0.3269241452217102,0.215335687508891,0.3478902108087145,0.125847216796875,"tensor(0.0314, device='cuda:0')",0.1124296366666666,0.0401336400956416,0.1275159695446914,0.031698603183031,0.1139999999999999,0.0201398152858018,0.0647999999999999,0.0007092016749083,0.0704,0.9137
40,6,mnist,fquad_acc,rand,fcn,0.03,1e-05,0.005,0.95,0.005,0.99,0.025,,0.01,5000,1,100,False,cuda,70,0.2,1.0,False,1e-10,250,fquad_acc,mnist,0.03,0.005,0.005,0.0,0.4955894649028778,0.2009687056366153,0.3764145038654553,0.0838289306640625,"tensor(0.0469, device='cuda:0')",0.1700920766666666,0.0572727882855197,0.187847732288974,0.0471902303397655,0.1653,0.0299267526715993,0.0938,0.0011095029767602,0.1070999999999999,0.9137
41,6,mnist,f_rts_acc,rand,fcn,0.03,1e-05,0.005,0.95,0.005,0.99,0.025,,0.01,5000,1,100,False,cuda,70,0.2,1.0,False,1e-10,250,f_rts_acc,mnist,0.03,0.005,0.005,0.0,0.3397665023803711,0.2306445522246804,0.3508208498857462,0.1518906412760416,"tensor(0.0271, device='cuda:0')",0.0966176566666669,0.0352755618873145,0.1107872823296218,0.0275408681482076,0.0964,0.0169389005750417,0.0544,0.0005940588307566,0.0588999999999999,0.9137
42,7,mnist,fgrad,rand,fcn,0.03,1e-05,0.005,0.95,0.005,0.99,0.025,,0.01,5000,1,100,False,cuda,70,0.2,1.0,False,1e-10,250,fgrad,mnist,0.03,0.005,0.005,0.0,0.1681074053049087,0.1792759609024762,0.3702219325614166,0.0523452433268229,"tensor(0.0568, device='cuda:0')",0.2009097866666667,0.0680489804227603,0.2197710640347593,0.0573741719126701,0.1967999999999999,0.033862717449665,0.1095,0.0014064954593777,0.1051999999999999,0.8792
43,7,mnist,fquad,rand,fcn,0.03,1e-05,0.005,0.95,0.005,0.99,0.025,,0.01,5000,1,100,False,cuda,70,0.2,1.0,False,1e-10,250,fquad,mnist,0.03,0.005,0.005,0.0,0.2112151980400085,0.1855348379143686,0.4377908923678295,0.0322632019042968,"tensor(0.0810, device='cuda:0')",0.29225053,0.0941744623156037,0.3134686508951726,0.0826092213392257,0.2921,0.0519891008734703,0.1454999999999999,0.0020256787538528,0.138,0.8792
44,7,mnist,f_rts,rand,fcn,0.03,1e-05,0.005,0.95,0.005,0.99,0.025,,0.01,5000,1,100,False,cuda,70,0.2,1.0,False,1e-10,250,f_rts,mnist,0.03,0.005,0.005,0.0,0.1526028215885162,0.1807592653101533,0.3501730295799592,0.0648275227864583,"tensor(0.0480, device='cuda:0')",0.1690675099999995,0.0584646137845051,0.1867848605870663,0.0482543520629406,0.1674999999999999,0.0282407850027084,0.0965,0.0011870682938024,0.0931999999999999,0.8792
45,7,mnist,fgrad_acc,rand,fcn,0.03,1e-05,0.005,0.95,0.005,0.99,0.025,,0.01,5000,1,100,False,cuda,70,0.2,1.0,False,1e-10,250,fgrad_acc,mnist,0.03,0.005,0.005,0.0,0.3188553750514984,0.212797268711448,0.3381890209430803,0.12629677734375,"tensor(0.0300, device='cuda:0')",0.1052691166666665,0.0385045845830546,0.1199532442545213,0.0304223727434873,0.1052999999999999,0.0173604860901832,0.0651,0.0007532812887802,0.0671,0.8792
46,7,mnist,fquad_acc,rand,fcn,0.03,1e-05,0.005,0.95,0.005,0.99,0.025,,0.01,5000,1,100,False,cuda,70,0.2,1.0,False,1e-10,250,fquad_acc,mnist,0.03,0.005,0.005,0.0,0.5013779401779175,0.2019911968160407,0.3813655433242573,0.0832103922526041,"tensor(0.0479, device='cuda:0')",0.1747176400000001,0.0583562576196744,0.192651374753305,0.0487064160406589,0.1739,0.0275571104139089,0.0964,0.0012322209076955,0.1139999999999999,0.8792
47,7,mnist,f_rts_acc,rand,fcn,0.03,1e-05,0.005,0.95,0.005,0.99,0.025,,0.01,5000,1,100,False,cuda,70,0.2,1.0,False,1e-10,250,f_rts_acc,mnist,0.03,0.005,0.005,0.0,0.3288396298885345,0.2281620541759553,0.3418512472828986,0.1525287272135416,"tensor(0.0257, device='cuda:0')",0.0902044099999999,0.0336833903741064,0.1039696564234957,0.026267185807228,0.0927,0.0144724184647202,0.0553,0.0006458412972278,0.0571,0.8792
48,8,mnist,fgrad,rand,fcn,0.03,1e-05,0.005,0.95,0.005,0.99,0.025,,0.01,5000,1,100,False,cuda,70,0.2,1.0,False,1e-10,250,fgrad,mnist,0.03,0.005,0.005,0.0,0.170396625995636,0.1818931274690821,0.3850744462560365,0.0530184041341145,"tensor(0.0579, device='cuda:0')",0.2127128800000005,0.0692428363872719,0.2319502748918136,0.0574796572327613,0.2064,0.0318207927048206,0.1129999999999999,0.0013539416249841,0.1166,0.9053
49,8,mnist,fquad,rand,fcn,0.03,1e-05,0.005,0.95,0.005,0.99,0.025,,0.01,5000,1,100,False,cuda,70,0.2,1.0,False,1e-10,250,fquad,mnist,0.03,0.005,0.005,0.0,0.2142289131879806,0.1879288211410844,0.4556437184487499,0.032888671875,"tensor(0.0820, device='cuda:0')",0.3077555766666676,0.0952247721031108,0.3292641018560119,0.0822635740041732,0.3043,0.047733474522829,0.1474999999999999,0.0019899553153663,0.1568,0.9053
50,8,mnist,f_rts,rand,fcn,0.03,1e-05,0.005,0.95,0.005,0.99,0.025,,0.01,5000,1,100,False,cuda,70,0.2,1.0,False,1e-10,250,f_rts,mnist,0.03,0.005,0.005,0.0,0.1549852788448333,0.1833859081525266,0.3618344892857055,0.0658377522786458,"tensor(0.0488, device='cuda:0')",0.1774288300000001,0.0593802104721186,0.1954636803074656,0.0482301339507103,0.1697999999999999,0.026426613330841,0.0995,0.0011134550441056,0.1007,0.9053
51,8,mnist,fgrad_acc,rand,fcn,0.03,1e-05,0.005,0.95,0.005,0.99,0.025,,0.01,5000,1,100,False,cuda,70,0.2,1.0,False,1e-10,250,fgrad_acc,mnist,0.03,0.005,0.005,0.0,0.3273100256919861,0.2161265556180012,0.348525467450032,0.1284134765625,"tensor(0.0306, device='cuda:0')",0.1110108900000002,0.0392135565518668,0.1260196010639189,0.030452998355031,0.1082999999999999,0.0159782972186803,0.0672,0.0006353719509206,0.0701,0.9053
52,8,mnist,fquad_acc,rand,fcn,0.03,1e-05,0.005,0.95,0.005,0.99,0.025,,0.01,5000,1,100,False,cuda,70,0.2,1.0,False,1e-10,250,fquad_acc,mnist,0.03,0.005,0.005,0.0,0.4740554690361023,0.1955141505820384,0.3592555345409208,0.0847983072916666,"tensor(0.0432, device='cuda:0')",0.1554644500000001,0.0531980555584558,0.1726277768054667,0.0425903387367725,0.1487,0.0235093887895345,0.0944,0.0009668417042121,0.0936,0.9053
53,8,mnist,f_rts_acc,rand,fcn,0.03,1e-05,0.005,0.95,0.005,0.99,0.025,,0.01,5000,1,100,False,cuda,70,0.2,1.0,False,1e-10,250,f_rts_acc,mnist,0.03,0.005,0.005,0.0,0.3377357125282287,0.2316257569169696,0.3498889502598207,0.1556244140625,"tensor(0.0260, device='cuda:0')",0.0936156766666667,0.0340292797427805,0.1075990018590663,0.0260613430291414,0.0917,0.0130415353924036,0.0567999999999999,0.0005357815534807,0.0601,0.9053
54,9,mnist,fgrad,rand,fcn,0.03,1e-05,0.005,0.95,0.005,0.99,0.025,,0.01,5000,1,100,False,cuda,70,0.2,1.0,False,1e-10,250,fgrad,mnist,0.03,0.005,0.005,0.0,0.1699206531047821,0.1813575620115825,0.3788148107280816,0.0529799682617187,"tensor(0.0576, device='cuda:0')",0.2073975966666668,0.0689083072359757,0.2264685639914739,0.0570942685008049,0.2028999999999999,0.0300839319825172,0.1074,0.0014162657316774,0.1089999999999999,0.8929
55,9,mnist,fquad,rand,fcn,0.03,1e-05,0.005,0.95,0.005,0.99,0.025,,0.01,5000,1,100,False,cuda,70,0.2,1.0,False,1e-10,250,fquad,mnist,0.03,0.005,0.005,0.0,0.2145954668521881,0.1881090177075867,0.4498497790619886,0.0331274291992187,"tensor(0.0818, device='cuda:0')",0.3018924466666678,0.0950601550691381,0.3232955320141727,0.0819084569811821,0.3023,0.047091968357563,0.1497,0.0019983176607638,0.1533999999999999,0.8929
56,9,mnist,f_rts,rand,fcn,0.03,1e-05,0.005,0.95,0.005,0.99,0.025,,0.01,5000,1,100,False,cuda,70,0.2,1.0,False,1e-10,250,f_rts,mnist,0.03,0.005,0.005,0.0,0.1541133224964141,0.1824366390957759,0.3559406457732522,0.0655289794921875,"tensor(0.0485, device='cuda:0')",0.1729595499999996,0.0590062295043286,0.190827376797518,0.0479503609240055,0.1683,0.0248772781342268,0.0927,0.001207705005072,0.0954,0.8929
57,9,mnist,fgrad_acc,rand,fcn,0.03,1e-05,0.005,0.95,0.005,0.99,0.025,,0.01,5000,1,100,False,cuda,70,0.2,1.0,False,1e-10,250,fgrad_acc,mnist,0.03,0.005,0.005,0.0,0.3186232149600982,0.2120366808120261,0.3376746002770751,0.1256378499348958,"tensor(0.0299, device='cuda:0')",0.1053818166666668,0.0384357982721091,0.1200726263906112,0.0296271853148937,0.1015,0.0166204087436199,0.0625,0.0007727352785877,0.0629999999999999,0.8929
58,9,mnist,fquad_acc,rand,fcn,0.03,1e-05,0.005,0.95,0.005,0.99,0.025,,0.01,5000,1,100,False,cuda,70,0.2,1.0,False,1e-10,250,fquad_acc,mnist,0.03,0.005,0.005,0.0,0.4734784662723541,0.1947274019969676,0.357671454973677,0.0830452718098958,"tensor(0.0438, device='cuda:0')",0.1559246766666666,0.0539159004291032,0.1731076294042257,0.0429108254611492,0.1472,0.0248698741197586,0.0870999999999999,0.0010775070404633,0.0915,0.8929
59,9,mnist,f_rts_acc,rand,fcn,0.03,1e-05,0.005,0.95,0.005,0.99,0.025,,0.01,5000,1,100,False,cuda,70,0.2,1.0,False,1e-10,250,f_rts_acc,mnist,0.03,0.005,0.005,0.0,0.3301663100719452,0.2285710587608683,0.3425261222867214,0.1533766927083333,"tensor(0.0256, device='cuda:0')",0.0901219133333336,0.0334984509394962,0.1038832015707725,0.0254915338009595,0.0881999999999999,0.0146668246015906,0.0538999999999999,0.0006634846213273,0.0556999999999999,0.8929
60,0,mnist,fgrad,rand,fcn,0.04,1e-05,0.005,0.95,0.005,0.99,0.025,,0.01,5000,1,100,False,cuda,70,0.2,1.0,False,1e-10,250,fgrad,mnist,0.04,0.005,0.005,0.0,0.1704634875059127,0.1821798153697759,0.3859613712707618,0.0552455037434895,"tensor(0.0562, device='cuda:0')",0.2105484533333328,0.0674320182328394,0.2297182753383,0.0561423003673553,0.2029999999999999,0.0236753672361373,0.1027,0.0012561747571453,0.0984,0.8884
61,0,mnist,fquad,rand,fcn,0.04,1e-05,0.005,0.95,0.005,0.99,0.025,,0.01,5000,1,100,False,cuda,70,0.2,1.0,False,1e-10,250,fquad,mnist,0.04,0.005,0.005,0.0,0.2171692997217178,0.1885770094063962,0.4620521543420297,0.0359232218424479,"tensor(0.0790, device='cuda:0')",0.3083027833333332,0.0919719004613328,0.3298206925782565,0.07965799421072,0.3051,0.0342742875218391,0.1318,0.0018563559278845,0.1353999999999999,0.8884
62,0,mnist,f_rts,rand,fcn,0.04,1e-05,0.005,0.95,0.005,0.99,0.025,,0.01,5000,1,100,False,cuda,70,0.2,1.0,False,1e-10,250,f_rts,mnist,0.04,0.005,0.005,0.0,0.1549474895000457,0.1838725707878805,0.3619190345245555,0.068134619140625,"tensor(0.0475, device='cuda:0')",0.1749109333333339,0.0579082677404823,0.192853057600772,0.0471105948090553,0.1689,0.0199506394565105,0.0905,0.0010465008672326,0.0881999999999999,0.8884
63,0,mnist,fgrad_acc,rand,fcn,0.04,1e-05,0.005,0.95,0.005,0.99,0.025,,0.01,5000,1,100,False,cuda,70,0.2,1.0,False,1e-10,250,fgrad_acc,mnist,0.04,0.005,0.005,0.0,0.3200722336769104,0.217011662979823,0.3409704263888113,0.1339961995442708,"tensor(0.0285, device='cuda:0')",0.1017923533333337,0.0368217425186793,0.116273135141433,0.0286751650273799,0.0978,0.0119210798293352,0.0547999999999999,0.0006527939112856,0.0557999999999999,0.8884
64,0,mnist,fquad_acc,rand,fcn,0.04,1e-05,0.005,0.95,0.005,0.99,0.025,,0.01,5000,1,100,False,cuda,70,0.2,1.0,False,1e-10,250,fquad_acc,mnist,0.04,0.005,0.005,0.0,0.47959965467453,0.1967008777413594,0.3601479809084127,0.0875827473958333,"tensor(0.0421, device='cuda:0')",0.1534913900000001,0.0520454525544807,0.1705688771195076,0.0415787324309349,0.1421,0.01768708974123,0.0793,0.00094362674281,0.0828999999999999,0.8884
65,0,mnist,f_rts_acc,rand,fcn,0.04,1e-05,0.005,0.95,0.005,0.99,0.025,,0.01,5000,1,100,False,cuda,70,0.2,1.0,False,1e-10,250,f_rts_acc,mnist,0.04,0.005,0.005,0.0,0.3293630480766296,0.2329217157751306,0.3435633814311248,0.1619233072916666,"tensor(0.0241, device='cuda:0')",0.0855646266666667,0.0318093435003411,0.0990268257410332,0.024474011734128,0.0836,0.0106433806940913,0.0455999999999999,0.0005587252089753,0.0454999999999999,0.8884
66,1,mnist,fgrad,rand,fcn,0.04,1e-05,0.005,0.95,0.005,0.99,0.025,,0.01,5000,1,100,False,cuda,70,0.2,1.0,False,1e-10,250,fgrad,mnist,0.04,0.005,0.005,0.0,0.172142818570137,0.1840085603350977,0.3933875598106019,0.0547180460611979,"tensor(0.0578, device='cuda:0')",0.2176328633333331,0.069161033347265,0.2370186426590808,0.0573157183825969,0.2113,0.0303395520895719,0.1148,0.0014218196738511,0.1076,0.864
67,1,mnist,fquad,rand,fcn,0.04,1e-05,0.005,0.95,0.005,0.99,0.025,,0.01,5000,1,100,False,cuda,70,0.2,1.0,False,1e-10,250,fquad,mnist,0.04,0.005,0.005,0.0,0.2179116755723953,0.1897121042314997,0.4682514943695127,0.0352920817057291,"tensor(0.0805, device='cuda:0')",0.3152534466666664,0.0936019793445286,0.3368947018300048,0.0799645334482193,0.3081,0.0420815609395504,0.1562,0.0020065538119524,0.1469,0.864
68,1,mnist,f_rts,rand,fcn,0.04,1e-05,0.005,0.95,0.005,0.99,0.025,,0.01,5000,1,100,False,cuda,70,0.2,1.0,False,1e-10,250,f_rts,mnist,0.04,0.005,0.005,0.0,0.1565421223640442,0.1853782673294509,0.367367328192741,0.0677212565104166,"tensor(0.0487, device='cuda:0')",0.1798307866666665,0.0592030826252985,0.1979568942139204,0.0482740029692649,0.1753,0.0254862904548645,0.0973,0.0011952178319916,0.0925,0.864
69,1,mnist,fgrad_acc,rand,fcn,0.04,1e-05,0.005,0.95,0.005,0.99,0.025,,0.01,5000,1,100,False,cuda,70,0.2,1.0,False,1e-10,250,fgrad_acc,mnist,0.04,0.005,0.005,0.0,0.3208586275577545,0.2186512876719712,0.3413936018016439,0.1367330403645833,"tensor(0.0280, device='cuda:0')",0.10020795,0.0363243956519678,0.1145941401441321,0.0281224492937326,0.0986,0.0111887017264962,0.0524999999999999,0.0006675256299786,0.0534999999999999,0.864
70,1,mnist,fquad_acc,rand,fcn,0.04,1e-05,0.005,0.95,0.005,0.99,0.025,,0.01,5000,1,100,False,cuda,70,0.2,1.0,False,1e-10,250,fquad_acc,mnist,0.04,0.005,0.005,0.0,0.4845750331878662,0.198172955590378,0.3634166489518734,0.0879664469401041,"tensor(0.0427, device='cuda:0')",0.1556874099999999,0.0526909206519124,0.1728590888217615,0.0425079762935638,0.1543999999999999,0.0207126550376415,0.0819999999999999,0.0010326288174837,0.0847999999999999,0.864
71,1,mnist,f_rts_acc,rand,fcn,0.04,1e-05,0.005,0.95,0.005,0.99,0.025,,0.01,5000,1,100,False,cuda,70,0.2,1.0,False,1e-10,250,f_rts_acc,mnist,0.04,0.005,0.005,0.0,0.3306026458740234,0.2351492258158595,0.3445418375896981,0.1655248046875,"tensor(0.0236, device='cuda:0')",0.0840534333333332,0.0313234017899341,0.0974138409105019,0.0238702520728111,0.0836,0.0083994017913937,0.0436999999999999,0.0005525661399587,0.0463,0.864
72,2,mnist,fgrad,rand,fcn,0.04,1e-05,0.005,0.95,0.005,0.99,0.025,,0.01,5000,1,100,False,cuda,70,0.2,1.0,False,1e-10,250,fgrad,mnist,0.04,0.005,0.005,0.0,0.1712628453969955,0.1830469813660353,0.3876385105516381,0.0549585611979166,"tensor(0.0570, device='cuda:0')",0.21236189,0.0682830568313733,0.2315868291410643,0.0567847453057765,0.2065,0.0269039627164602,0.1028,0.0014206648338586,0.1014,0.9302
73,2,mnist,fquad,rand,fcn,0.04,1e-05,0.005,0.95,0.005,0.99,0.025,,0.01,5000,1,100,False,cuda,70,0.2,1.0,False,1e-10,250,fquad,mnist,0.04,0.005,0.005,0.0,0.2180459201335907,0.1891450102019968,0.459925471029447,0.0362877766927083,"tensor(0.0790, device='cuda:0')",0.3056664933333343,0.0919640629812989,0.3271392782825835,0.0791720673441886,0.3003,0.0392755754292011,0.1369,0.0019629304297268,0.138,0.9302
74,2,mnist,f_rts,rand,fcn,0.04,1e-05,0.005,0.95,0.005,0.99,0.025,,0.01,5000,1,100,False,cuda,70,0.2,1.0,False,1e-10,250,f_rts,mnist,0.04,0.005,0.005,0.0,0.1556455045938491,0.1844921055523638,0.3627143124881329,0.0677747111002604,"tensor(0.0481, device='cuda:0')",0.1759624966666665,0.0585861145143099,0.1939446230447117,0.0478667318820953,0.1734,0.0226537697017192,0.0887999999999999,0.0012055895058438,0.0908999999999999,0.9302
75,2,mnist,fgrad_acc,rand,fcn,0.04,1e-05,0.005,0.95,0.005,0.99,0.025,,0.01,5000,1,100,False,cuda,70,0.2,1.0,False,1e-10,250,fgrad_acc,mnist,0.04,0.005,0.005,0.0,0.322853684425354,0.2182946348642566,0.343979127516729,0.1344247233072916,"tensor(0.0289, device='cuda:0')",0.1035750666666669,0.037293159821873,0.1181604718122109,0.0291199330240488,0.1019999999999999,0.0155486334115266,0.0556999999999999,0.0006897058920003,0.0587999999999999,0.9302
76,2,mnist,fquad_acc,rand,fcn,0.04,1e-05,0.005,0.95,0.005,0.99,0.025,,0.01,5000,1,100,False,cuda,70,0.2,1.0,False,1e-10,250,fquad_acc,mnist,0.04,0.005,0.005,0.0,0.4787932634353637,0.1966652926973206,0.3612851982776097,0.0867703776041666,"tensor(0.0426, device='cuda:0')",0.155154696666667,0.052570701960114,0.1723049815526693,0.0418805666267871,0.1492,0.0200911648571491,0.0842,0.0010472064604982,0.0863,0.9302
77,2,mnist,f_rts_acc,rand,fcn,0.04,1e-05,0.005,0.95,0.005,0.99,0.025,,0.01,5000,1,100,False,cuda,70,0.2,1.0,False,1e-10,250,f_rts_acc,mnist,0.04,0.005,0.005,0.0,0.3338024616241455,0.2347106160140172,0.3478057693718734,0.1624531575520833,"tensor(0.0247, device='cuda:0')",0.0880197566666664,0.0324787243332323,0.1016441105620924,0.0250975415110588,0.0870999999999999,0.0144896619021892,0.0466999999999999,0.0005757717881351,0.0486999999999999,0.9302
78,3,mnist,fgrad,rand,fcn,0.04,1e-05,0.005,0.95,0.005,0.99,0.025,,0.01,5000,1,100,False,cuda,70,0.2,1.0,False,1e-10,250,fgrad,mnist,0.04,0.005,0.005,0.0,0.171447604894638,0.1832667690918383,0.3888771830874316,0.0551209391276041,"tensor(0.0570, device='cuda:0')",0.2132129466666666,0.0682905113918994,0.2324651345975948,0.0565944015979766,0.2046,0.0232773199677467,0.1020999999999999,0.0014789426932111,0.1006,0.9003
79,3,mnist,fquad,rand,fcn,0.04,1e-05,0.005,0.95,0.005,0.99,0.025,,0.01,5000,1,100,False,cuda,70,0.2,1.0,False,1e-10,250,fquad,mnist,0.04,0.005,0.005,0.0,0.2195251137018203,0.1905068443442272,0.4652793647869484,0.036318994140625,"tensor(0.0799, device='cuda:0')",0.3106361966666665,0.0929621449080144,0.3321972235172146,0.0804786309599876,0.3044,0.0339685305953025,0.1264999999999999,0.002031436888501,0.1322999999999999,0.9003
80,3,mnist,f_rts,rand,fcn,0.04,1e-05,0.005,0.95,0.005,0.99,0.025,,0.01,5000,1,100,False,cuda,70,0.2,1.0,False,1e-10,250,f_rts,mnist,0.04,0.005,0.005,0.0,0.1556938886642456,0.184537205079488,0.3639805938781771,0.067761669921875,"tensor(0.0481, device='cuda:0')",0.1770115500000003,0.0586257405022583,0.1950335729974786,0.0475117415189743,0.1696999999999999,0.0190036259591579,0.0911999999999999,0.0012564653297886,0.0874,0.9003
81,3,mnist,fgrad_acc,rand,fcn,0.04,1e-05,0.005,0.95,0.005,0.99,0.025,,0.01,5000,1,100,False,cuda,70,0.2,1.0,False,1e-10,250,fgrad_acc,mnist,0.04,0.005,0.005,0.0,0.3177624344825744,0.216496226715655,0.3385797156058301,0.1343151041666666,"tensor(0.0281, device='cuda:0')",0.0999296033333333,0.0363866489060267,0.1142996428048857,0.0278600361198186,0.0994,0.0098898103460669,0.0525999999999999,0.0007357748108915,0.0555999999999999,0.9003
82,3,mnist,fquad_acc,rand,fcn,0.04,1e-05,0.005,0.95,0.005,0.99,0.025,,0.01,5000,1,100,False,cuda,70,0.2,1.0,False,1e-10,250,fquad_acc,mnist,0.04,0.005,0.005,0.0,0.4774719178676605,0.1970886618222953,0.359097119897129,0.0878418619791666,"tensor(0.0422, device='cuda:0')",0.1524219166666664,0.0521104986444609,0.1694530810398032,0.041896253824234,0.147,0.0155589273199439,0.0820999999999999,0.0011119383852928,0.0837,0.9003
83,3,mnist,f_rts_acc,rand,fcn,0.04,1e-05,0.005,0.95,0.005,0.99,0.025,,0.01,5000,1,100,False,cuda,70,0.2,1.0,False,1e-10,250,f_rts_acc,mnist,0.04,0.005,0.005,0.0,0.3260365724563598,0.2320474688973076,0.340996883068641,0.1617777180989583,"tensor(0.0237, device='cuda:0')",0.0839865599999999,0.0314333907891384,0.0973427015506658,0.0236175935715436,0.0834,0.0082417633384466,0.0454999999999999,0.0006129045505076,0.0473,0.9003
84,4,mnist,fgrad,rand,fcn,0.04,1e-05,0.005,0.95,0.005,0.99,0.025,,0.01,5000,1,100,False,cuda,70,0.2,1.0,False,1e-10,250,fgrad,mnist,0.04,0.005,0.005,0.0,0.1725335270166397,0.1845367455948102,0.3935358194039861,0.0556479044596354,"tensor(0.0574, device='cuda:0')",0.2165395200000004,0.0686895954676586,0.2358926172961142,0.05628302693367,0.2112,0.0263175219297409,0.1040999999999999,0.0012457116972655,0.1037,0.8847
85,4,mnist,fquad,rand,fcn,0.04,1e-05,0.005,0.95,0.005,0.99,0.025,,0.01,5000,1,100,False,cuda,70,0.2,1.0,False,1e-10,250,fquad,mnist,0.04,0.005,0.005,0.0,0.2206827998161316,0.1916617097135805,0.4738343113097837,0.0362138142903645,"tensor(0.0808, device='cuda:0')",0.3188902399999993,0.093969592048792,0.3405880381755246,0.0800420120358467,0.3077999999999999,0.0401691198348999,0.1413999999999999,0.0018664533272385,0.1374999999999999,0.8847
86,4,mnist,f_rts,rand,fcn,0.04,1e-05,0.005,0.95,0.005,0.99,0.025,,0.01,5000,1,100,False,cuda,70,0.2,1.0,False,1e-10,250,f_rts,mnist,0.04,0.005,0.005,0.0,0.1568735241889953,0.1859347590655037,0.3673807301600313,0.0687196940104166,"tensor(0.0483, device='cuda:0')",0.1787237800000003,0.0587925484172254,0.1968085615680421,0.0473181791603565,0.1744,0.021481230854988,0.0868999999999999,0.0010199560783803,0.0897,0.8847
87,4,mnist,fgrad_acc,rand,fcn,0.04,1e-05,0.005,0.95,0.005,0.99,0.025,,0.01,5000,1,100,False,cuda,70,0.2,1.0,False,1e-10,250,fgrad_acc,mnist,0.04,0.005,0.005,0.0,0.32070392370224,0.2182163989721681,0.3421444019722036,0.1352056803385416,"tensor(0.0285, device='cuda:0')",0.10176759,0.0368574469098549,0.1162470577968404,0.028175164014101,0.1012999999999999,0.0106899505481123,0.051,0.0005477184895426,0.0544,0.8847
88,4,mnist,fquad_acc,rand,fcn,0.04,1e-05,0.005,0.95,0.005,0.99,0.025,,0.01,5000,1,100,False,cuda,70,0.2,1.0,False,1e-10,250,fquad_acc,mnist,0.04,0.005,0.005,0.0,0.494567334651947,0.2004961589544276,0.3706255351531358,0.0881385498046875,"tensor(0.0439, device='cuda:0')",0.1612171933333334,0.0540073937861067,0.1786187752635428,0.042946845293045,0.1555999999999999,0.0184329524636268,0.0783,0.0008680540486238,0.0876,0.8847
89,4,mnist,f_rts_acc,rand,fcn,0.04,1e-05,0.005,0.95,0.005,0.99,0.025,,0.01,5000,1,100,False,cuda,70,0.2,1.0,False,1e-10,250,f_rts_acc,mnist,0.04,0.005,0.005,0.0,0.3307503759860992,0.2338321099906083,0.3444265555331197,0.1629963216145833,"tensor(0.0241, device='cuda:0')",0.0854837099999999,0.0317883183218725,0.0989401231134672,0.0241837762296199,0.0858999999999999,0.0080931168049573,0.0426999999999999,0.0004507608828134,0.0444999999999999,0.8847
90,5,mnist,fgrad,rand,fcn,0.04,1e-05,0.005,0.95,0.005,0.99,0.025,,0.01,5000,1,100,False,cuda,70,0.2,1.0,False,1e-10,250,fgrad,mnist,0.04,0.005,0.005,0.0,0.1736982464790344,0.185831595026209,0.3975514644795708,0.0555493733723958,"tensor(0.0583, device='cuda:0')",0.2201393233333333,0.0696698638906933,0.2395998435655753,0.0581295676529407,0.2090999999999999,0.0383032448589801,0.1038999999999999,0.0017165836179628,0.1091999999999999,0.9354
91,5,mnist,fquad,rand,fcn,0.04,1e-05,0.005,0.95,0.005,0.99,0.025,,0.01,5000,1,100,False,cuda,70,0.2,1.0,False,1e-10,250,fquad,mnist,0.04,0.005,0.005,0.0,0.2241472899913787,0.1945390445228728,0.4816992697110427,0.0367283650716145,"tensor(0.0823, device='cuda:0')",0.3254398399999998,0.0955433710653957,0.3472429262229639,0.0825928524136543,0.3177,0.046755988150835,0.1412999999999999,0.0022678864188492,0.1532,0.9354
92,5,mnist,f_rts,rand,fcn,0.04,1e-05,0.005,0.95,0.005,0.99,0.025,,0.01,5000,1,100,False,cuda,70,0.2,1.0,False,1e-10,250,f_rts,mnist,0.04,0.005,0.005,0.0,0.157896414399147,0.1868282118446017,0.3708891538764078,0.0681336059570312,"tensor(0.0492, device='cuda:0')",0.1822649533333331,0.0598255422991076,0.2004807576409887,0.0490868017077446,0.175,0.0352174416184425,0.0899999999999999,0.0014999144477769,0.0933,0.9354
93,5,mnist,fgrad_acc,rand,fcn,0.04,1e-05,0.005,0.95,0.005,0.99,0.025,,0.01,5000,1,100,False,cuda,70,0.2,1.0,False,1e-10,250,fgrad_acc,mnist,0.04,0.005,0.005,0.0,0.32517871260643,0.2214356999171681,0.3476933476442042,0.1370615234375,"tensor(0.0292, device='cuda:0')",0.1043312199999999,0.037648629289786,0.1189606976853058,0.0294572971761226,0.1034,0.0231477953493595,0.056,0.0010122214443981,0.0612,0.9354
94,5,mnist,fquad_acc,rand,fcn,0.04,1e-05,0.005,0.95,0.005,0.99,0.025,,0.01,5000,1,100,False,cuda,70,0.2,1.0,False,1e-10,250,fquad_acc,mnist,0.04,0.005,0.005,0.0,0.5112794041633606,0.2058212767723689,0.3843965231053267,0.0890566487630208,"tensor(0.0464, device='cuda:0')",0.17135064,0.0566891003072499,0.1891552341148253,0.0458960905671119,0.1637999999999999,0.0333359651267528,0.0891999999999999,0.0014741999329999,0.1009999999999999,0.9354
95,5,mnist,f_rts_acc,rand,fcn,0.04,1e-05,0.005,0.95,0.005,0.99,0.025,,0.01,5000,1,100,False,cuda,70,0.2,1.0,False,1e-10,250,f_rts_acc,mnist,0.04,0.005,0.005,0.0,0.3372291326522827,0.2373782738992116,0.3504461314715333,0.1652245768229166,"tensor(0.0248, device='cuda:0')",0.0880840700000002,0.0325854050127354,0.1017126811235266,0.0253130253404378,0.0883,0.0209335591644048,0.0473,0.0009032797534018,0.0521,0.9354
96,6,mnist,fgrad,rand,fcn,0.04,1e-05,0.005,0.95,0.005,0.99,0.025,,0.01,5000,1,100,False,cuda,70,0.2,1.0,False,1e-10,250,fgrad,mnist,0.04,0.005,0.005,0.0,0.1719837337732315,0.1839320849067791,0.3882072788126243,0.0558002115885416,"tensor(0.0569, device='cuda:0')",0.2117538599999995,0.0681411264472571,0.2309605640199705,0.0567870400846004,0.2114,0.0323165729641914,0.1038999999999999,0.0013782908208668,0.1018,0.9137
97,6,mnist,fquad,rand,fcn,0.04,1e-05,0.005,0.95,0.005,0.99,0.025,,0.01,5000,1,100,False,cuda,70,0.2,1.0,False,1e-10,250,fquad,mnist,0.04,0.005,0.005,0.0,0.220110535621643,0.1908045783357746,0.4633414415351973,0.036678125,"tensor(0.0797, device='cuda:0')",0.3081840199999996,0.0927567287008079,0.3297003456993279,0.0806897059082984,0.3091,0.042252343147993,0.1407,0.001975511200726,0.1358,0.9137
98,6,mnist,f_rts,rand,fcn,0.04,1e-05,0.005,0.95,0.005,0.99,0.025,,0.01,5000,1,100,False,cuda,70,0.2,1.0,False,1e-10,250,f_rts,mnist,0.04,0.005,0.005,0.0,0.156145304441452,0.1851220275819391,0.363907384431669,0.0683439290364583,"tensor(0.0481, device='cuda:0')",0.1763016066666669,0.0585546098283355,0.19429518595458,0.0477723330259323,0.173,0.0287623796612024,0.0911999999999999,0.0011430395534262,0.0884,0.9137
99,6,mnist,fgrad_acc,rand,fcn,0.04,1e-05,0.005,0.95,0.005,0.99,0.025,,0.01,5000,1,100,False,cuda,70,0.2,1.0,False,1e-10,250,fgrad_acc,mnist,0.04,0.005,0.005,0.0,0.318915843963623,0.2172093827493513,0.3394614851345245,0.1352058268229166,"tensor(0.0280, device='cuda:0')",0.0999249099999999,0.0363188092109967,0.1142950244027861,0.0282251890748739,0.1005,0.0152196232229471,0.0514999999999999,0.0006206742255017,0.0543,0.9137
100,6,mnist,fquad_acc,rand,fcn,0.04,1e-05,0.005,0.95,0.005,0.99,0.025,,0.01,5000,1,100,False,cuda,70,0.2,1.0,False,1e-10,250,fquad_acc,mnist,0.04,0.005,0.005,0.0,0.4900856018066406,0.1995257449138026,0.3677115977512948,0.0884588053385416,"tensor(0.0432, device='cuda:0')",0.1586036766666672,0.0531925130510535,0.1758989956048951,0.043207224458456,0.1533,0.0254942961037158,0.0823,0.0010268031619489,0.0870999999999999,0.9137
101,6,mnist,f_rts_acc,rand,fcn,0.04,1e-05,0.005,0.95,0.005,0.99,0.025,,0.01,5000,1,100,False,cuda,70,0.2,1.0,False,1e-10,250,f_rts_acc,mnist,0.04,0.005,0.005,0.0,0.3296717405319214,0.2343348582366172,0.3440493004345122,0.1641264973958333,"tensor(0.0238, device='cuda:0')",0.0845656299999999,0.0315366046550871,0.0979604717066342,0.0242358334362506,0.0857999999999999,0.0116226524114608,0.042,0.0005168447969481,0.0474999999999999,0.9137
102,7,mnist,fgrad,rand,fcn,0.04,1e-05,0.005,0.95,0.005,0.99,0.025,,0.01,5000,1,100,False,cuda,70,0.2,1.0,False,1e-10,250,fgrad,mnist,0.04,0.005,0.005,0.0,0.1714615374803543,0.183281346516786,0.3880717666274068,0.0550843343098958,"tensor(0.0570, device='cuda:0')",0.21256761,0.0683314670965933,0.2317995431220045,0.0571932010352611,0.2052,0.0311140418052673,0.1076,0.0014499042881652,0.1004,0.8792
103,7,mnist,fquad,rand,fcn,0.04,1e-05,0.005,0.95,0.005,0.99,0.025,,0.01,5000,1,100,False,cuda,70,0.2,1.0,False,1e-10,250,fquad,mnist,0.04,0.005,0.005,0.0,0.2184318453073501,0.1896302815353173,0.4631557713279657,0.0361101725260416,"tensor(0.0795, device='cuda:0')",0.3090072966666672,0.0925462594830755,0.3305401922992703,0.0804855674505233,0.31,0.044194471091032,0.1402999999999999,0.0019936515018343,0.132,0.8792
104,7,mnist,f_rts,rand,fcn,0.04,1e-05,0.005,0.95,0.005,0.99,0.025,,0.01,5000,1,100,False,cuda,70,0.2,1.0,False,1e-10,250,f_rts,mnist,0.04,0.005,0.005,0.0,0.1560880243778228,0.1849449290842931,0.363959566394922,0.0678229248046875,"tensor(0.0483, device='cuda:0')",0.1769271800000001,0.0588435999981732,0.1949447710072181,0.0484720207750797,0.1709,0.0260662492364645,0.0927,0.0012346538715064,0.0890999999999999,0.8792
105,7,mnist,fgrad_acc,rand,fcn,0.04,1e-05,0.005,0.95,0.005,0.99,0.025,,0.01,5000,1,100,False,cuda,70,0.2,1.0,False,1e-10,250,fgrad_acc,mnist,0.04,0.005,0.005,0.0,0.3175645470619201,0.2163850431769458,0.3379606419436949,0.1343155598958333,"tensor(0.0280, device='cuda:0')",0.09950443,0.0363267668408303,0.1138486239392468,0.0283542331308126,0.0963,0.0139432866126298,0.0553,0.0007165756542235,0.0552,0.8792
106,7,mnist,fquad_acc,rand,fcn,0.04,1e-05,0.005,0.95,0.005,0.99,0.025,,0.01,5000,1,100,False,cuda,70,0.2,1.0,False,1e-10,250,fquad_acc,mnist,0.04,0.005,0.005,0.0,0.473329097032547,0.1958333289851054,0.3556910650117066,0.0876764404296875,"tensor(0.0416, device='cuda:0')",0.1499206266666669,0.0514529498069074,0.1668431547780032,0.0420930981636047,0.1449,0.0238398443907499,0.0857,0.0010546067496761,0.0837999999999999,0.8792
107,7,mnist,f_rts_acc,rand,fcn,0.04,1e-05,0.005,0.95,0.005,0.99,0.025,,0.01,5000,1,100,False,cuda,70,0.2,1.0,False,1e-10,250,f_rts_acc,mnist,0.04,0.005,0.005,0.0,0.3276697993278503,0.2327045727972716,0.3421426492197547,0.1623397623697916,"tensor(0.0238, device='cuda:0')",0.084392563333333,0.0315119544930159,0.0977759663296417,0.0241855271160602,0.0829999999999999,0.0119957253336906,0.047,0.0006113498238846,0.0463,0.8792
108,8,mnist,fgrad,rand,fcn,0.04,1e-05,0.005,0.95,0.005,0.99,0.025,,0.01,5000,1,100,False,cuda,70,0.2,1.0,False,1e-10,250,fgrad,mnist,0.04,0.005,0.005,0.0,0.1733868420124054,0.1855502202321006,0.3944305275035495,0.0562754720052083,"tensor(0.0575, device='cuda:0')",0.216493366666667,0.0688287997479538,0.2358446152051391,0.056858230382204,0.2087,0.0285389497876167,0.1068,0.0013785663759335,0.1062999999999999,0.9053
109,8,mnist,fquad,rand,fcn,0.04,1e-05,0.005,0.95,0.005,0.99,0.025,,0.01,5000,1,100,False,cuda,70,0.2,1.0,False,1e-10,250,fquad,mnist,0.04,0.005,0.005,0.0,0.2220156192779541,0.1924710529573481,0.4728371136253914,0.0368403198242187,"tensor(0.0807, device='cuda:0')",0.3168458633333325,0.0938306256377855,0.338509759273269,0.0808110758662223,0.3137,0.041107103228569,0.1412999999999999,0.0020137489773333,0.1448,0.9053
110,8,mnist,f_rts,rand,fcn,0.04,1e-05,0.005,0.95,0.005,0.99,0.025,,0.01,5000,1,100,False,cuda,70,0.2,1.0,False,1e-10,250,f_rts,mnist,0.04,0.005,0.005,0.0,0.157444566488266,0.186712696891482,0.3675629810734167,0.0696173746744791,"tensor(0.0481, device='cuda:0')",0.1778728333333337,0.0586041591178012,0.1959261743761995,0.0471875965595245,0.1722,0.0237555541098117,0.0917,0.0011147966142743,0.0917999999999999,0.9053
111,8,mnist,fgrad_acc,rand,fcn,0.04,1e-05,0.005,0.95,0.005,0.99,0.025,,0.01,5000,1,100,False,cuda,70,0.2,1.0,False,1e-10,250,fgrad_acc,mnist,0.04,0.005,0.005,0.0,0.3223985731601715,0.2203518232645517,0.3445471264009959,0.1386572102864583,"tensor(0.0280, device='cuda:0')",0.1010665866666664,0.0362725405833844,0.1155042026451578,0.0275756828486919,0.0984,0.0135305458679795,0.0521,0.0005972097278572,0.0558999999999999,0.9053
112,8,mnist,fquad_acc,rand,fcn,0.04,1e-05,0.005,0.95,0.005,0.99,0.025,,0.01,5000,1,100,False,cuda,70,0.2,1.0,False,1e-10,250,fquad_acc,mnist,0.04,0.005,0.005,0.0,0.4952743947505951,0.2013673488346085,0.3710966406884523,0.0906668131510416,"tensor(0.0429, device='cuda:0')",0.1591761066666664,0.0528493556417103,0.1764949413968657,0.0416696555912494,0.1502,0.0219545662403106,0.0843,0.0009488690993748,0.0875,0.9053
113,8,mnist,f_rts_acc,rand,fcn,0.04,1e-05,0.005,0.95,0.005,0.99,0.025,,0.01,5000,1,100,False,cuda,70,0.2,1.0,False,1e-10,250,f_rts_acc,mnist,0.04,0.005,0.005,0.0,0.3331015706062317,0.236673446080448,0.3475212437483549,0.1672174479166666,"tensor(0.0237, device='cuda:0')",0.0849861566666663,0.0313397467505576,0.0984097501405379,0.0233355779200792,0.0837999999999999,0.0111454436555504,0.0437999999999999,0.0005076226079836,0.0474,0.9053
114,9,mnist,fgrad,rand,fcn,0.04,1e-05,0.005,0.95,0.005,0.99,0.025,,0.01,5000,1,100,False,cuda,70,0.2,1.0,False,1e-10,250,fgrad,mnist,0.04,0.005,0.005,0.0,0.171543002128601,0.1833923191649391,0.3882151149618714,0.0553156494140625,"tensor(0.0569, device='cuda:0')",0.212391673333333,0.0682026056626125,0.2316188899999872,0.0568434484302997,0.2114,0.0276457108557224,0.1012999999999999,0.00140688335523,0.0974,0.8929
115,9,mnist,fquad,rand,fcn,0.04,1e-05,0.005,0.95,0.005,0.99,0.025,,0.01,5000,1,100,False,cuda,70,0.2,1.0,False,1e-10,250,fquad,mnist,0.04,0.005,0.005,0.0,0.2201984971761703,0.1909018882523766,0.4654698511737954,0.0366534138997395,"tensor(0.0798, device='cuda:0')",0.310226533333333,0.0928619496257222,0.3317793228865845,0.0802557095885276,0.3124,0.0402950905263423,0.1323999999999999,0.0019465630175545,0.131,0.8929
116,9,mnist,f_rts,rand,fcn,0.04,1e-05,0.005,0.95,0.005,0.99,0.025,,0.01,5000,1,100,False,cuda,70,0.2,1.0,False,1e-10,250,f_rts,mnist,0.04,0.005,0.005,0.0,0.1560523808002472,0.1849329879925997,0.3641664667784719,0.0679269165039062,"tensor(0.0482, device='cuda:0')",0.1769771233333336,0.0587551820259521,0.194996760632125,0.0480712205171585,0.1765999999999999,0.0230721663683652,0.0886,0.0012098123552277,0.0865,0.8929
117,9,mnist,fgrad_acc,rand,fcn,0.04,1e-05,0.005,0.95,0.005,0.99,0.025,,0.01,5000,1,100,False,cuda,70,0.2,1.0,False,1e-10,250,fgrad_acc,mnist,0.04,0.005,0.005,0.0,0.3189603388309479,0.2177618043955194,0.3403489366904395,0.1358659749348958,"tensor(0.0280, device='cuda:0')",0.10008168,0.0362838076806999,0.1144613067031903,0.0281950999051332,0.0995,0.0138097321614623,0.0534,0.0007143791299313,0.0542,0.8929
118,9,mnist,fquad_acc,rand,fcn,0.04,1e-05,0.005,0.95,0.005,0.99,0.025,,0.01,5000,1,100,False,cuda,70,0.2,1.0,False,1e-10,250,fquad_acc,mnist,0.04,0.005,0.005,0.0,0.4740195870399475,0.1959838944156806,0.3553402584522344,0.0884161295572916,"tensor(0.0412, device='cuda:0')",0.1489497433333327,0.0510541157849592,0.1658299153342879,0.0407429859042167,0.1461,0.0216334722936153,0.0790999999999999,0.0010431237751618,0.0797999999999999,0.8929
119,9,mnist,f_rts_acc,rand,fcn,0.04,1e-05,0.005,0.95,0.005,0.99,0.025,,0.01,5000,1,100,False,cuda,70,0.2,1.0,False,1e-10,250,f_rts_acc,mnist,0.04,0.005,0.005,0.0,0.3302573561668396,0.2341997522197256,0.344425423167142,0.1639901041666666,"tensor(0.0238, device='cuda:0')",0.0848887566666666,0.0315292668873297,0.0983050518538787,0.024455877020955,0.0857,0.0118313385173678,0.0453,0.0006204774254001,0.0466999999999999,0.8929
120,0,mnist,fgrad,rand,fcn,0.05,1e-05,0.005,0.95,0.005,0.99,0.025,,0.01,5000,1,100,False,cuda,70,0.2,1.0,False,1e-10,250,fgrad,mnist,0.05,0.005,0.005,0.0,0.1808639764785766,0.194837746445248,0.3965600186033415,0.0652438232421875,"tensor(0.0562, device='cuda:0')",0.2071405999999998,0.0674490464676134,0.2262026283808506,0.0555063039064407,0.2004,0.0218387860804796,0.1016,0.0012592860730364,0.0960999999999999,0.8884
121,0,mnist,fquad,rand,fcn,0.05,1e-05,0.005,0.95,0.005,0.99,0.025,,0.01,5000,1,100,False,cuda,70,0.2,1.0,False,1e-10,250,fquad,mnist,0.05,0.005,0.005,0.0,0.237454816699028,0.2015839709853384,0.4722949262518345,0.0442839518229166,"tensor(0.0791, device='cuda:0')",0.3039225833333339,0.0921651127339371,0.3253643296207783,0.0794450491666793,0.3018999999999999,0.0318598225712776,0.1332999999999999,0.0018438115948811,0.1262999999999999,0.8884
122,0,mnist,f_rts,rand,fcn,0.05,1e-05,0.005,0.95,0.005,0.99,0.025,,0.01,5000,1,100,False,cuda,70,0.2,1.0,False,1e-10,250,f_rts,mnist,0.05,0.005,0.005,0.0,0.1655056178569793,0.1967636130253013,0.3740087926931696,0.0786989583333333,"tensor(0.0478, device='cuda:0')",0.1733799000000001,0.0582791641867736,0.1912638717734637,0.0471200719475746,0.1685999999999999,0.0183942094445228,0.0884,0.0010669623734429,0.0845,0.8884
123,0,mnist,fgrad_acc,rand,fcn,0.05,1e-05,0.005,0.95,0.005,0.99,0.025,,0.01,5000,1,100,False,cuda,70,0.2,1.0,False,1e-10,250,fgrad_acc,mnist,0.05,0.005,0.005,0.0,0.3217741250991821,0.2282884152729404,0.346494707453263,0.1495640950520833,"tensor(0.0270, device='cuda:0')",0.0951922033333335,0.0351502642900238,0.1092737371774911,0.0275446362793445,0.0967,0.0099407164379954,0.0474999999999999,0.0006129631656222,0.0479,0.8884
124,0,mnist,fquad_acc,rand,fcn,0.05,1e-05,0.005,0.95,0.005,0.99,0.025,,0.01,5000,1,100,False,cuda,70,0.2,1.0,False,1e-10,250,fquad_acc,mnist,0.05,0.005,0.005,0.0,0.503436803817749,0.2083317263000658,0.3729786003762722,0.0971167073567708,"tensor(0.0429, device='cuda:0')",0.1546660733333331,0.0528819431654881,0.1717940302995762,0.0423209965229034,0.1516999999999999,0.0155610367655754,0.0755,0.0009737442596815,0.0775,0.8884
125,0,mnist,f_rts_acc,rand,fcn,0.05,1e-05,0.005,0.95,0.005,0.99,0.025,,0.01,5000,1,100,False,cuda,70,0.2,1.0,False,1e-10,250,f_rts_acc,mnist,0.05,0.005,0.005,0.0,0.3333046436309814,0.2432182690941168,0.3493422932109052,0.1765167154947916,"tensor(0.0230, device='cuda:0')",0.0807685833333333,0.0305549050601851,0.0939051445146416,0.0236942768096923,0.0830999999999999,0.0084511330351233,0.0409,0.0005404144758358,0.0406999999999999,0.8884
126,1,mnist,fgrad,rand,fcn,0.05,1e-05,0.005,0.95,0.005,0.99,0.025,,0.01,5000,1,100,False,cuda,70,0.2,1.0,False,1e-10,250,fgrad,mnist,0.05,0.005,0.005,0.0,0.181224063038826,0.1952080632207792,0.3993272408012391,0.0648345174153645,"tensor(0.0568, device='cuda:0')",0.2099946166666672,0.068038540414514,0.2291477508720636,0.0560236722230911,0.2035,0.0263467282056808,0.1016,0.0014096356462687,0.0943,0.864
127,1,mnist,fquad,rand,fcn,0.05,1e-05,0.005,0.95,0.005,0.99,0.025,,0.01,5000,1,100,False,cuda,70,0.2,1.0,False,1e-10,250,fquad,mnist,0.05,0.005,0.005,0.0,0.2411472052335739,0.2059061658689924,0.4901358604265366,0.0430364624023437,"tensor(0.0835, device='cuda:0')",0.3227617133333333,0.0968014923310423,0.3445221888267684,0.082715667784214,0.311,0.0397992134094238,0.157,0.002062655519694,0.1508,0.864
128,1,mnist,f_rts,rand,fcn,0.05,1e-05,0.005,0.95,0.005,0.99,0.025,,0.01,5000,1,100,False,cuda,70,0.2,1.0,False,1e-10,250,f_rts,mnist,0.05,0.005,0.005,0.0,0.1651210784912109,0.1963783363341014,0.3732886354156591,0.0786812337239583,"tensor(0.0476, device='cuda:0')",0.1728150166666664,0.05804652701391,0.1906764996591907,0.0469250418245792,0.1644999999999999,0.0212450735270977,0.0875,0.0011847235728055,0.0822,0.864
129,1,mnist,fgrad_acc,rand,fcn,0.05,1e-05,0.005,0.95,0.005,0.99,0.025,,0.01,5000,1,100,False,cuda,70,0.2,1.0,False,1e-10,250,fgrad_acc,mnist,0.05,0.005,0.005,0.0,0.3238008618354797,0.2286423832804005,0.3481061340259688,0.1487709309895833,"tensor(0.0275, device='cuda:0')",0.0967919333333334,0.035716995409566,0.1109708845812677,0.0280513148754835,0.0963,0.0098787061870098,0.0484999999999999,0.0006454012473113,0.0494,0.864
130,1,mnist,fquad_acc,rand,fcn,0.05,1e-05,0.005,0.95,0.005,0.99,0.025,,0.01,5000,1,100,False,cuda,70,0.2,1.0,False,1e-10,250,fquad_acc,mnist,0.05,0.005,0.005,0.0,0.4947040975093841,0.206672738978459,0.3660580101411906,0.0974813883463541,"tensor(0.0418, device='cuda:0')",0.1489417599999999,0.0516416283015201,0.1658220903465271,0.0413697510957717,0.1449,0.0181807596236467,0.0764,0.0009781679837033,0.0734,0.864
131,1,mnist,f_rts_acc,rand,fcn,0.05,1e-05,0.005,0.95,0.005,0.99,0.025,,0.01,5000,1,100,False,cuda,70,0.2,1.0,False,1e-10,250,f_rts_acc,mnist,0.05,0.005,0.005,0.0,0.3355658650398254,0.24448414339593,0.3509865686444905,0.177096337890625,"tensor(0.0233, device='cuda:0')",0.0814893566666668,0.0309358037355539,0.0946751826941473,0.0237413812428712,0.0824,0.0076803630217909,0.0405999999999999,0.0005387050914578,0.0423999999999999,0.864
132,2,mnist,fgrad,rand,fcn,0.05,1e-05,0.005,0.95,0.005,0.99,0.025,,0.01,5000,1,100,False,cuda,70,0.2,1.0,False,1e-10,250,fgrad,mnist,0.05,0.005,0.005,0.0,0.18046635389328,0.1942690196112503,0.3968030871185605,0.0639874471028645,"tensor(0.0568, device='cuda:0')",0.2088623666666665,0.0681119932254917,0.2279795745284393,0.0559601597487926,0.1989999999999999,0.0245068706572055,0.0968999999999999,0.0014008479192852,0.0935,0.9302
133,2,mnist,fquad,rand,fcn,0.05,1e-05,0.005,0.95,0.005,0.99,0.025,,0.01,5000,1,100,False,cuda,70,0.2,1.0,False,1e-10,250,fquad,mnist,0.05,0.005,0.005,0.0,0.2365198582410812,0.2013210962936881,0.4735057228145703,0.0434344075520833,"tensor(0.0798, device='cuda:0')",0.3064154566666663,0.0929088526881904,0.3279021207734088,0.0795056000351905,0.2954,0.0365914143621921,0.1364999999999999,0.0019796278793364,0.1253999999999999,0.9302
134,2,mnist,f_rts,rand,fcn,0.05,1e-05,0.005,0.95,0.005,0.99,0.025,,0.01,5000,1,100,False,cuda,70,0.2,1.0,False,1e-10,250,f_rts,mnist,0.05,0.005,0.005,0.0,0.1649423688650131,0.195981493734987,0.3730063621831048,0.0776717447916666,"tensor(0.0480, device='cuda:0')",0.1736365033333339,0.0585285429252571,0.1915306851122824,0.0473586283624172,0.1671,0.0208601262420415,0.0837,0.0011889096349477,0.0813,0.9302
135,2,mnist,fgrad_acc,rand,fcn,0.05,1e-05,0.005,0.95,0.005,0.99,0.025,,0.01,5000,1,100,False,cuda,70,0.2,1.0,False,1e-10,250,fgrad_acc,mnist,0.05,0.005,0.005,0.0,0.3267628848552704,0.2287660932141889,0.3509625611835392,0.1472733723958333,"tensor(0.0282, device='cuda:0')",0.0997173900000003,0.036505716384919,0.1140736460273535,0.028669198974967,0.0991999999999999,0.0155193684622645,0.0484,0.0006615968304686,0.051,0.9302
136,2,mnist,fquad_acc,rand,fcn,0.05,1e-05,0.005,0.95,0.005,0.99,0.025,,0.01,5000,1,100,False,cuda,70,0.2,1.0,False,1e-10,250,fquad_acc,mnist,0.05,0.005,0.005,0.0,0.4999951720237732,0.2074054091939218,0.37161476143816,0.0958408284505208,"tensor(0.0431, device='cuda:0')",0.1547628300000001,0.0531435596883927,0.1718952751532886,0.0422870032489299,0.1518,0.0191629920154809,0.0758999999999999,0.0010732481023296,0.0769999999999999,0.9302
137,2,mnist,f_rts_acc,rand,fcn,0.05,1e-05,0.005,0.95,0.005,0.99,0.025,,0.01,5000,1,100,False,cuda,70,0.2,1.0,False,1e-10,250,f_rts_acc,mnist,0.05,0.005,0.005,0.0,0.3366614580154419,0.2435507584964609,0.3517957606493358,0.1750870442708333,"tensor(0.0237, device='cuda:0')",0.0831578000000001,0.0313405745125001,0.0964578247027197,0.0243564248085021,0.0847,0.0149430707097053,0.0389,0.000541579152923,0.0415999999999999,0.9302
138,3,mnist,fgrad,rand,fcn,0.05,1e-05,0.005,0.95,0.005,0.99,0.025,,0.01,5000,1,100,False,cuda,70,0.2,1.0,False,1e-10,250,fgrad,mnist,0.05,0.005,0.005,0.0,0.1814397871494293,0.1954170364849803,0.400515626957401,0.064447119140625,"tensor(0.0572, device='cuda:0')",0.2114820699999989,0.0685027375910185,0.2306803567721042,0.0565194003283977,0.2042,0.0215502306818962,0.1006,0.0014887850265949,0.0939999999999999,0.9003
139,3,mnist,fquad,rand,fcn,0.05,1e-05,0.005,0.95,0.005,0.99,0.025,,0.01,5000,1,100,False,cuda,70,0.2,1.0,False,1e-10,250,fquad,mnist,0.05,0.005,0.005,0.0,0.2385155111551284,0.2028609368771123,0.4793934803828523,0.0438769165039062,"tensor(0.0805, device='cuda:0')",0.3112441899999996,0.0935699008177641,0.3328124747727546,0.0803632885217666,0.3043,0.0320183001458644,0.1254999999999999,0.0020635826513171,0.1283999999999999,0.9003
140,3,mnist,f_rts,rand,fcn,0.05,1e-05,0.005,0.95,0.005,0.99,0.025,,0.01,5000,1,100,False,cuda,70,0.2,1.0,False,1e-10,250,f_rts,mnist,0.05,0.005,0.005,0.0,0.1657722145318985,0.1970255721165419,0.3749285726361352,0.0786854085286458,"tensor(0.0480, device='cuda:0')",0.1741423999999997,0.0584557478335096,0.1920539805978064,0.0474829785525798,0.1703,0.016937606036663,0.0850999999999999,0.0012475900584831,0.0833,0.9003
141,3,mnist,fgrad_acc,rand,fcn,0.05,1e-05,0.005,0.95,0.005,0.99,0.025,,0.01,5000,1,100,False,cuda,70,0.2,1.0,False,1e-10,250,fgrad_acc,mnist,0.05,0.005,0.005,0.0,0.322514533996582,0.2292117768941032,0.3476135661409343,0.1497895833333333,"tensor(0.0273, device='cuda:0')",0.0958008099999999,0.0355273235500255,0.1099194369151998,0.0277131740003824,0.0957,0.0085586383938789,0.0491,0.0006853250670246,0.047,0.9003
142,3,mnist,fquad_acc,rand,fcn,0.05,1e-05,0.005,0.95,0.005,0.99,0.025,,0.01,5000,1,100,False,cuda,70,0.2,1.0,False,1e-10,250,fquad_acc,mnist,0.05,0.005,0.005,0.0,0.4957590997219085,0.207383209425598,0.3673686834051394,0.0974549886067708,"tensor(0.0422, device='cuda:0')",0.1499833566666668,0.0520889337513366,0.1669111211243679,0.0415115393698215,0.145,0.0136833945289254,0.0748999999999999,0.0010871698614209,0.0766,0.9003
143,3,mnist,f_rts_acc,rand,fcn,0.05,1e-05,0.005,0.95,0.005,0.99,0.025,,0.01,5000,1,100,False,cuda,70,0.2,1.0,False,1e-10,250,f_rts_acc,mnist,0.05,0.005,0.005,0.0,0.335679292678833,0.2442337109761795,0.351308027751903,0.1758872233072916,"tensor(0.0237, device='cuda:0')",0.0823854799999996,0.0313350067883016,0.0956337006504495,0.0239507965743541,0.0823,0.0070994463749229,0.041,0.0005762093933299,0.0409,0.9003
144,4,mnist,fgrad,rand,fcn,0.05,1e-05,0.005,0.95,0.005,0.99,0.025,,0.01,5000,1,100,False,cuda,70,0.2,1.0,False,1e-10,250,fgrad,mnist,0.05,0.005,0.005,0.0,0.1816314160823822,0.1957381796040725,0.399938158092673,0.0655306966145833,"tensor(0.0566, device='cuda:0')",0.2096791266666666,0.0678164895851905,0.2288218206996983,0.0560719408094882,0.2049999999999999,0.0252442862838506,0.0946,0.0011827427661046,0.0931999999999999,0.8847
145,4,mnist,fquad,rand,fcn,0.05,1e-05,0.005,0.95,0.005,0.99,0.025,,0.01,5000,1,100,False,cuda,70,0.2,1.0,False,1e-10,250,fquad,mnist,0.05,0.005,0.005,0.0,0.2385614961385727,0.2028989008458836,0.4821091409631154,0.0438844889322916,"tensor(0.0805, device='cuda:0')",0.3137882433333344,0.0935894793378953,0.3354025105832846,0.0797785222530365,0.3035,0.0380095578730106,0.1274999999999999,0.0018252207664772,0.1222999999999999,0.8847
146,4,mnist,f_rts,rand,fcn,0.05,1e-05,0.005,0.95,0.005,0.99,0.025,,0.01,5000,1,100,False,cuda,70,0.2,1.0,False,1e-10,250,f_rts,mnist,0.05,0.005,0.005,0.0,0.1658992618322372,0.1973506082287192,0.3744721183782208,0.0795951253255208,"tensor(0.0476, device='cuda:0')",0.1728286366666669,0.058002591480722,0.1906898255612527,0.0473585203289985,0.1674,0.0208294857293367,0.0827,0.0009710074518807,0.0812,0.8847
147,4,mnist,fgrad_acc,rand,fcn,0.05,1e-05,0.005,0.95,0.005,0.99,0.025,,0.01,5000,1,100,False,cuda,70,0.2,1.0,False,1e-10,250,fgrad_acc,mnist,0.05,0.005,0.005,0.0,0.3236517608165741,0.2280178011179928,0.3484119088610201,0.1476461100260416,"tensor(0.0277, device='cuda:0')",0.0977335399999998,0.0359292489084655,0.1119699888401845,0.0277077797800302,0.0968999999999999,0.0093010822311043,0.0454999999999999,0.0005509939510375,0.0481,0.8847
148,4,mnist,fquad_acc,rand,fcn,0.05,1e-05,0.005,0.95,0.005,0.99,0.025,,0.01,5000,1,100,False,cuda,70,0.2,1.0,False,1e-10,250,fquad_acc,mnist,0.05,0.005,0.005,0.0,0.4985431730747223,0.2071041033246849,0.368422644396178,0.0972579752604166,"tensor(0.0421, device='cuda:0')",0.1509784600000004,0.0520448958506013,0.1679479437887045,0.0416139923036098,0.1461,0.0169312488287687,0.0711,0.0008174587856046,0.0753,0.8847
149,4,mnist,f_rts_acc,rand,fcn,0.05,1e-05,0.005,0.95,0.005,0.99,0.025,,0.01,5000,1,100,False,cuda,70,0.2,1.0,False,1e-10,250,f_rts_acc,mnist,0.05,0.005,0.005,0.0,0.3348830640316009,0.2438342966831126,0.3504087584146658,0.1764100911458333,"tensor(0.0233, device='cuda:0')",0.0815104833333332,0.0309083649705941,0.0946977579533046,0.0236939433962106,0.0817,0.0073937424458563,0.0377999999999999,0.0004555927007459,0.0393999999999999,0.8847
150,5,mnist,fgrad,rand,fcn,0.05,1e-05,0.005,0.95,0.005,0.99,0.025,,0.01,5000,1,100,False,cuda,70,0.2,1.0,False,1e-10,250,fgrad,mnist,0.05,0.005,0.005,0.0,0.1827494949102401,0.1969696559300299,0.4019302289779337,0.0651150268554687,"tensor(0.0576, device='cuda:0')",0.2118828933333332,0.0689927379775074,0.2310954725627426,0.0571587271988391,0.2027999999999999,0.0383905135095119,0.0989999999999999,0.001707210438326,0.0960999999999999,0.9354
151,5,mnist,fquad,rand,fcn,0.05,1e-05,0.005,0.95,0.005,0.99,0.025,,0.01,5000,1,100,False,cuda,70,0.2,1.0,False,1e-10,250,fquad,mnist,0.05,0.005,0.005,0.0,0.2425809800624847,0.206236849299544,0.4871908192173995,0.0444349161783854,"tensor(0.0822, device='cuda:0')",0.3177102033333333,0.0954822095019877,0.3393883333519635,0.0822532400488853,0.3082,0.0464278683066368,0.1372999999999999,0.0023069416638463,0.1362,0.9354
152,5,mnist,f_rts,rand,fcn,0.05,1e-05,0.005,0.95,0.005,0.99,0.025,,0.01,5000,1,100,False,cuda,70,0.2,1.0,False,1e-10,250,f_rts,mnist,0.05,0.005,0.005,0.0,0.1673209965229034,0.1986155146853858,0.3773576753456444,0.0789351969401041,"tensor(0.0487, device='cuda:0')",0.1758561466666666,0.0592891564539809,0.1938343060932216,0.0484526790678501,0.1696999999999999,0.0344833619892597,0.0847999999999999,0.0014903922565281,0.0847,0.9354
153,5,mnist,fgrad_acc,rand,fcn,0.05,1e-05,0.005,0.95,0.005,0.99,0.025,,0.01,5000,1,100,False,cuda,70,0.2,1.0,False,1e-10,250,fgrad_acc,mnist,0.05,0.005,0.005,0.0,0.323989063501358,0.2303120466467633,0.3491706975357238,0.150618359375,"tensor(0.0275, device='cuda:0')",0.0963196633333333,0.035707337544402,0.1104698321776404,0.0274819992482662,0.0928,0.0221040658652782,0.0483,0.0009939834708347,0.0484,0.9354
154,5,mnist,fquad_acc,rand,fcn,0.05,1e-05,0.005,0.95,0.005,0.99,0.025,,0.01,5000,1,100,False,cuda,70,0.2,1.0,False,1e-10,250,fquad_acc,mnist,0.05,0.005,0.005,0.0,0.504111647605896,0.2102167966541011,0.3728178577771384,0.0990079671223958,"tensor(0.0428, device='cuda:0')",0.1528262666666663,0.0528115360082396,0.1698751597547113,0.041974987834692,0.1414999999999999,0.0292104203253984,0.0757999999999999,0.0013399389572441,0.0782,0.9354
155,5,mnist,f_rts_acc,rand,fcn,0.05,1e-05,0.005,0.95,0.005,0.99,0.025,,0.01,5000,1,100,False,cuda,70,0.2,1.0,False,1e-10,250,f_rts_acc,mnist,0.05,0.005,0.005,0.0,0.3388919234275818,0.247575678720428,0.3548299973079689,0.1797361002604166,"tensor(0.0237, device='cuda:0')",0.0824532333333333,0.0313417461385718,0.0957057260278563,0.0241186190396547,0.0827,0.0196686815470457,0.0399,0.0008918419480323,0.0435999999999999,0.9354
156,6,mnist,fgrad,rand,fcn,0.05,1e-05,0.005,0.95,0.005,0.99,0.025,,0.01,5000,1,100,False,cuda,70,0.2,1.0,False,1e-10,250,fgrad,mnist,0.05,0.005,0.005,0.0,0.1829332858324051,0.1972396049881817,0.4016812629390635,0.0657760172526041,"tensor(0.0573, device='cuda:0')",0.2108780600000008,0.0686260520333174,0.2300579399136088,0.0574597939848899,0.2118999999999999,0.0318196266889572,0.1015,0.0013860611943528,0.0974,0.9137
157,6,mnist,fquad,rand,fcn,0.05,1e-05,0.005,0.95,0.005,0.99,0.025,,0.01,5000,1,100,False,cuda,70,0.2,1.0,False,1e-10,250,fquad,mnist,0.05,0.005,0.005,0.0,0.2416681051254272,0.2054303092958699,0.4832724285646236,0.0443775675455729,"tensor(0.0817, device='cuda:0')",0.3140979433333341,0.0949408212045926,0.335718154718719,0.0836612731218338,0.3165,0.0415818095207214,0.145,0.0020306152291595,0.139,0.9137
158,6,mnist,f_rts,rand,fcn,0.05,1e-05,0.005,0.95,0.005,0.99,0.025,,0.01,5000,1,100,False,cuda,70,0.2,1.0,False,1e-10,250,f_rts,mnist,0.05,0.005,0.005,0.0,0.1669459342956543,0.1984500955605552,0.3758606617227573,0.0798797526041666,"tensor(0.0480, device='cuda:0')",0.1736589566666664,0.058496310563715,0.1915526522382378,0.0476646497845649,0.1715999999999999,0.0275859963148832,0.0866,0.0011405781842768,0.0827999999999999,0.9137
159,6,mnist,fgrad_acc,rand,fcn,0.05,1e-05,0.005,0.95,0.005,0.99,0.025,,0.01,5000,1,100,False,cuda,70,0.2,1.0,False,1e-10,250,fgrad_acc,mnist,0.05,0.005,0.005,0.0,0.3251565992832184,0.2291053125762674,0.3493881727870291,0.1482301106770833,"tensor(0.0280, device='cuda:0')",0.0980122733333333,0.036222171662312,0.1122666894337746,0.0279805902391672,0.0968999999999999,0.0114822443574666,0.0462,0.0005964776501059,0.0499,0.9137
160,6,mnist,fquad_acc,rand,fcn,0.05,1e-05,0.005,0.95,0.005,0.99,0.025,,0.01,5000,1,100,False,cuda,70,0.2,1.0,False,1e-10,250,fquad_acc,mnist,0.05,0.005,0.005,0.0,0.4929811358451843,0.2062678793880193,0.3638536800422506,0.0982056233723958,"tensor(0.0411, device='cuda:0')",0.1465894233333331,0.0509369296070434,0.1633666580071625,0.040962740778923,0.144,0.0219568461179733,0.0743,0.0009571279515512,0.0732,0.9137
161,6,mnist,f_rts_acc,rand,fcn,0.05,1e-05,0.005,0.95,0.005,0.99,0.025,,0.01,5000,1,100,False,cuda,70,0.2,1.0,False,1e-10,250,f_rts_acc,mnist,0.05,0.005,0.005,0.0,0.3366366326808929,0.2437458973515908,0.3518945789692111,0.1749460774739583,"tensor(0.0238, device='cuda:0')",0.0833046499999997,0.0315005680197184,0.0966147836500428,0.0236991196870803,0.0834,0.0094949966296553,0.04,0.0004917727783322,0.0437999999999999,0.9137
162,7,mnist,fgrad,rand,fcn,0.05,1e-05,0.005,0.95,0.005,0.99,0.025,,0.01,5000,1,100,False,cuda,70,0.2,1.0,False,1e-10,250,fgrad,mnist,0.05,0.005,0.005,0.0,0.181106761097908,0.1950673212975394,0.3986418930312699,0.06475830078125,"tensor(0.0567, device='cuda:0')",0.2095003199999996,0.0680073049364791,0.2286382984335527,0.0567074939608573,0.2035,0.0293135941028594,0.0987,0.0014447114663198,0.0908999999999999,0.8792
163,7,mnist,fquad,rand,fcn,0.05,1e-05,0.005,0.95,0.005,0.99,0.025,,0.01,5000,1,100,False,cuda,70,0.2,1.0,False,1e-10,250,fquad,mnist,0.05,0.005,0.005,0.0,0.2384829968214035,0.2029603566463672,0.481829773953018,0.0436967041015625,"tensor(0.0807, device='cuda:0')",0.3138278799999995,0.0938441076681894,0.3354408987759941,0.0811983719468116,0.3114,0.0427734367549419,0.1359,0.0020302250050008,0.1253999999999999,0.8792
164,7,mnist,f_rts,rand,fcn,0.05,1e-05,0.005,0.95,0.005,0.99,0.025,,0.01,5000,1,100,False,cuda,70,0.2,1.0,False,1e-10,250,f_rts,mnist,0.05,0.005,0.005,0.0,0.1652571856975555,0.196475402539362,0.3732491242993939,0.0784979085286458,"tensor(0.0478, device='cuda:0')",0.1729731933333332,0.0582403094224471,0.1908407253729386,0.0478062592446804,0.1674999999999999,0.0247913654893636,0.0856,0.0012120002647861,0.0808999999999999,0.8792
165,7,mnist,fgrad_acc,rand,fcn,0.05,1e-05,0.005,0.95,0.005,0.99,0.025,,0.01,5000,1,100,False,cuda,70,0.2,1.0,False,1e-10,250,fgrad_acc,mnist,0.05,0.005,0.005,0.0,0.3236907422542572,0.2286387051447355,0.3483907159603271,0.1483058756510416,"tensor(0.0277, device='cuda:0')",0.097286873333333,0.0359376707805478,0.1114976559377756,0.0273183248937129,0.0933,0.013919273391366,0.0512,0.0006961284670978,0.0503,0.8792
166,7,mnist,fquad_acc,rand,fcn,0.05,1e-05,0.005,0.95,0.005,0.99,0.025,,0.01,5000,1,100,False,cuda,70,0.2,1.0,False,1e-10,250,fquad_acc,mnist,0.05,0.005,0.005,0.0,0.4914421737194061,0.2058875696976428,0.3638520086118745,0.0973498616536458,"tensor(0.0414, device='cuda:0')",0.1473501266666663,0.0512524802036825,0.1641611956585428,0.0411181449890136,0.1432,0.0222334489226341,0.0773,0.0010110026923939,0.0739999999999999,0.8792
167,7,mnist,f_rts_acc,rand,fcn,0.05,1e-05,0.005,0.95,0.005,0.99,0.025,,0.01,5000,1,100,False,cuda,70,0.2,1.0,False,1e-10,250,f_rts_acc,mnist,0.05,0.005,0.005,0.0,0.3368141055107116,0.2448326430791124,0.3524094266568273,0.1769275065104166,"tensor(0.0235, device='cuda:0')",0.0825000500000001,0.0311837129467212,0.0957553664873459,0.0232498180121183,0.0787999999999999,0.0111755086109042,0.0437999999999999,0.0006079300073906,0.043,0.8792
168,8,mnist,fgrad,rand,fcn,0.05,1e-05,0.005,0.95,0.005,0.99,0.025,,0.01,5000,1,100,False,cuda,70,0.2,1.0,False,1e-10,250,fgrad,mnist,0.05,0.005,0.005,0.0,0.1826527416706085,0.1969700155120675,0.40051885344669,0.0663034993489583,"tensor(0.0567, device='cuda:0')",0.2092513633333331,0.0680080300438648,0.2283802866685516,0.0555902086198329,0.2033,0.0267226062715053,0.0989999999999999,0.0013287982437759,0.0940999999999999,0.9053
169,8,mnist,fquad,rand,fcn,0.05,1e-05,0.005,0.95,0.005,0.99,0.025,,0.01,5000,1,100,False,cuda,70,0.2,1.0,False,1e-10,250,fquad,mnist,0.05,0.005,0.005,0.0,0.241373211145401,0.205244371987086,0.4830185765742379,0.0442549438476562,"tensor(0.0817, device='cuda:0')",0.3140502766666667,0.0949374579035452,0.3356719905455921,0.081659696996212,0.3096,0.0403141602873802,0.1468,0.0020376325119286,0.1311,0.9053
170,8,mnist,f_rts,rand,fcn,0.05,1e-05,0.005,0.95,0.005,0.99,0.025,,0.01,5000,1,100,False,cuda,70,0.2,1.0,False,1e-10,250,f_rts,mnist,0.05,0.005,0.005,0.0,0.1668382585048675,0.1985247267673682,0.3752465722826607,0.0807212158203125,"tensor(0.0475, device='cuda:0')",0.172299936666667,0.0579381364637225,0.1901409675783031,0.0462161786854267,0.1654,0.0217909924685955,0.0852,0.0010754190152511,0.0828999999999999,0.9053
171,8,mnist,fgrad_acc,rand,fcn,0.05,1e-05,0.005,0.95,0.005,0.99,0.025,,0.01,5000,1,100,False,cuda,70,0.2,1.0,False,1e-10,250,fgrad_acc,mnist,0.05,0.005,0.005,0.0,0.3245505094528198,0.2295879723086001,0.3496313961524326,0.14946806640625,"tensor(0.0277, device='cuda:0')",0.0973759433333334,0.0358783976958179,0.1115904886272228,0.027548711746931,0.0944,0.0131355822086334,0.0494,0.00059742416488,0.0501,0.9053
172,8,mnist,fquad_acc,rand,fcn,0.05,1e-05,0.005,0.95,0.005,0.99,0.025,,0.01,5000,1,100,False,cuda,70,0.2,1.0,False,1e-10,250,fquad_acc,mnist,0.05,0.005,0.005,0.0,0.5113964676856995,0.2118699810592986,0.3779228823222909,0.0997373046875,"tensor(0.0433, device='cuda:0')",0.1561689866666671,0.0533476794321949,0.1733598417927528,0.0419191159307956,0.1503999999999999,0.0202006064355373,0.0798999999999999,0.0009827393805608,0.0807,0.9053
173,8,mnist,f_rts_acc,rand,fcn,0.05,1e-05,0.005,0.95,0.005,0.99,0.025,,0.01,5000,1,100,False,cuda,70,0.2,1.0,False,1e-10,250,f_rts_acc,mnist,0.05,0.005,0.005,0.0,0.3372441530227661,0.2451897164922536,0.3529538211797293,0.177474755859375,"tensor(0.0235, device='cuda:0')",0.0825347566666665,0.0311249723758159,0.0957930715915882,0.0237699709832668,0.0787999999999999,0.0114427218213677,0.0423999999999999,0.0005194468540139,0.0433999999999999,0.9053
174,9,mnist,fgrad,rand,fcn,0.05,1e-05,0.005,0.95,0.005,0.99,0.025,,0.01,5000,1,100,False,cuda,70,0.2,1.0,False,1e-10,250,fgrad,mnist,0.05,0.005,0.005,0.0,0.1828186064958572,0.1970272320473446,0.402963956016066,0.0648947794596354,"tensor(0.0578, device='cuda:0')",0.2130338366666673,0.069215917582192,0.2322814011944479,0.0582794584333896,0.2098,0.0263885110616683,0.0968,0.0014136061072349,0.0938,0.8929
175,9,mnist,fquad,rand,fcn,0.05,1e-05,0.005,0.95,0.005,0.99,0.025,,0.01,5000,1,100,False,cuda,70,0.2,1.0,False,1e-10,250,fquad,mnist,0.05,0.005,0.005,0.0,0.2407520413398742,0.2047174236721255,0.4813965192926598,0.0441870564778645,"tensor(0.0814, device='cuda:0')",0.3126343600000009,0.0946166243501241,0.3342272861954374,0.0821159109473228,0.3072,0.0390549078583717,0.1322999999999999,0.0019698014948517,0.1241999999999999,0.8929
176,9,mnist,f_rts,rand,fcn,0.05,1e-05,0.005,0.95,0.005,0.99,0.025,,0.01,5000,1,100,False,cuda,70,0.2,1.0,False,1e-10,250,f_rts,mnist,0.05,0.005,0.005,0.0,0.1669506728649139,0.1982336263894628,0.3770408904188965,0.07885458984375,"tensor(0.0486, device='cuda:0')",0.1756858433333334,0.0591020960205375,0.1936551397799438,0.049076996743679,0.1725999999999999,0.0217049680650234,0.0835,0.001196505385451,0.0837999999999999,0.8929
177,9,mnist,fgrad_acc,rand,fcn,0.05,1e-05,0.005,0.95,0.005,0.99,0.025,,0.01,5000,1,100,False,cuda,70,0.2,1.0,False,1e-10,250,fgrad_acc,mnist,0.05,0.005,0.005,0.0,0.3264161646366119,0.231643331239073,0.3530171593638267,0.1508204427083333,"tensor(0.0280, device='cuda:0')",0.0987983899999998,0.0363113132639856,0.1131005445318086,0.0278291031718254,0.0968,0.0128899905830621,0.0466999999999999,0.0006800721748732,0.0496999999999999,0.8929
178,9,mnist,fquad_acc,rand,fcn,0.05,1e-05,0.005,0.95,0.005,0.99,0.025,,0.01,5000,1,100,False,cuda,70,0.2,1.0,False,1e-10,250,fquad_acc,mnist,0.05,0.005,0.005,0.0,0.5002637505531311,0.2088907133778502,0.3693491642931384,0.0988401529947916,"tensor(0.0422, device='cuda:0')",0.1502802000000003,0.0521144913971334,0.1672182600524045,0.0422101020812988,0.1467,0.0215149242430925,0.0768999999999999,0.0010589329758659,0.0780999999999999,0.8929
179,9,mnist,f_rts_acc,rand,fcn,0.05,1e-05,0.005,0.95,0.005,0.99,0.025,,0.01,5000,1,100,False,cuda,70,0.2,1.0,False,1e-10,250,f_rts_acc,mnist,0.05,0.005,0.005,0.0,0.340054452419281,0.2459334271738323,0.3544006643548614,0.1770295084635416,"tensor(0.0240, device='cuda:0')",0.0837250766666665,0.031690807392139,0.0970640589656671,0.0242005083709955,0.0834,0.0108183342963457,0.0406999999999999,0.0005985081079415,0.0435999999999999,0.8929
